{
    "\"fitted_parameters\"": {
        "[\"B1\", \"MX\"]": [
            0.10997554564498047,
            0.9755614164382272,
            0.06228658243204847,
            -0.7463501654389867,
            1.6586727959522277e-18
        ],
        "[\"B1\", \"MY\"]": [
            0.3333060485926953,
            0.5787513781719934,
            0.14071946104850314,
            -0.8271515679144008,
            0.0032260476322272156
        ]
    },
    "\"detuning\"": {
        "\"B1\"": [
            -0.10418480108088253,
            -0.09972204116715523,
            -0.09525928125342792,
            -0.09079652133970054,
            -0.08813865200227125,
            -0.07703245564579538,
            -0.0655909002977824,
            -0.05316682275901173,
            -0.03584246809071179,
            -0.016105568961552224,
            -0.013681738034523421,
            -0.020218743751816936,
            -0.02320896448589622,
            -0.024587963142745115,
            -0.025770488779249142,
            -0.02669632500656857,
            -0.02506843724258508,
            -0.02373221984884687,
            -0.024208697085931905,
            -0.02186939038431242,
            -0.018076106333828165,
            -0.014522154922660738,
            -0.012969661094717231,
            -0.011283029899602264,
            -0.010012428561403119,
            -0.008649882081909442,
            -0.007712033034118642,
            -0.005731220095749626,
            -0.0032809271912362242,
            -0.0016254255112438283,
            -0.0010813319412024888,
            -0.0003628181342770244,
            0.0008274899339534743,
            0.0005340048238767214,
            0.0014609203239245132,
            0.002476717055855556,
            0.002695741148923854,
            0.0025455443037351554,
            0.003531517770079099,
            0.004661575198732469,
            0.004448027109249762,
            0.005538275525286074,
            0.006678260005441829,
            0.006170704086692506,
            0.005760163461119214,
            0.006979164294603626,
            0.00790720088732915,
            0.008530294205846922,
            0.009305565613260207,
            0.010886226720667304,
            0.010608578450863099,
            0.010459740319011663,
            0.01118593798799875,
            0.011608363680939936,
            0.010987702004363137,
            0.010933399294674868,
            0.012499031010060797,
            0.012619942418031488,
            0.013384036516088852,
            0.013377890670679312,
            0.013511485924584243,
            0.012446322031513368,
            0.012285933615224315,
            0.012734605829039024,
            0.013594931816752899,
            0.014190342867793103,
            0.015226654494523243,
            0.015965524463897703,
            0.015489807215186276,
            0.016193268861506932,
            0.01593136627835598,
            0.016052960277001906,
            0.0166510394369552,
            0.017880374391903334,
            0.01917748703172164,
            0.019752755939640772,
            0.020979397499670573,
            0.022206039059700818,
            0.023432680619731066
        ]
    },
    "\"amplitude\"": {
        "\"B1\"": [
            0.012041202099997973,
            0.01204120209999798,
            0.01204120209999798,
            0.012041202099997976,
            0.012041202099997978,
            0.012041202099997976,
            0.012041202099997974,
            0.01204120209999798,
            0.01204120209999798,
            0.012041202099997978,
            0.012041202099997976,
            0.012041202099997974,
            0.012041202099997973,
            0.01204120209999798,
            0.012041202099997976,
            0.01204120209999798,
            0.012041202099997976,
            0.012041202099997976,
            0.012041202099997976,
            0.012041202099997976,
            0.01204120209999798,
            0.01204120209999798,
            0.012041202099997976,
            0.012041202099997978,
            0.01204120209999798,
            0.01204120209999798,
            0.01204120209999798,
            0.012041202099997976,
            0.012041202099997981,
            0.01204120209999798,
            0.01204120209999798,
            0.012041202099997978,
            0.012041202099997976,
            0.012041202099997978,
            0.01204120209999798,
            0.01204120209999798,
            0.012041202099997978,
            0.012041202099997978,
            0.01204120209999798,
            0.02631196812254845,
            0.022035250332512257,
            0.03713477834275676,
            0.046445611607947315,
            0.04265192622668903,
            0.039198412605960783,
            0.0485088306180345,
            0.05424152923824145,
            0.057688326973296414,
            0.06164365565913846,
            0.06886132329692611,
            0.06766136846782338,
            0.0670073277477128,
            0.07012881661144187,
            0.07186969749338849,
            0.06929360920744501,
            0.06906268665056972,
            0.07538367549825878,
            0.07584579342239318,
            0.07869206591006478,
            0.07866965751563691,
            0.07915507345082418,
            0.07518116560271403,
            0.07456091250096808,
            0.07628096078020886,
            0.07945649922049304,
            0.08156934372395076,
            0.08510116682856475,
            0.08751843406765766,
            0.08597115269797369,
            0.08824805880461765,
            0.08740839233716272,
            0.08779938322264465,
            0.08969388246089965,
            0.09344964443951927,
            0.0972331429678591,
            0.09885835996489366,
            0.10222604428828265,
            0.10547242076546126,
            0.1086097243114382
        ]
    },