{
    "\"fitted_parameters\"": {
        "[\"B4\", \"MX\"]": [
            0.03396247113401818,
            0.5615141235728573,
            1.7817747751097806,
            -3.231569606942295,
            1.9497304141167795e-53
        ],
        "[\"B4\", \"MY\"]": [
            0.020136519929050856,
            0.5954230006792864,
            1.7828520157877226,
            -1.560499670457409,
            7.185876431660999e-37
        ]
    },
    "\"detuning\"": {
        "\"B4\"": [
            0.6023854166380453,
            0.6082768256426309,
            0.6141682346472164,
            0.6200596436518017,
            0.62734931703772,
            0.6344000037393127,
            0.637609496316494,
            0.6459975506523963,
            0.6538524977842788,
            0.6606460070356122,
            0.6607467859870257,
            0.6594986308366715,
            0.6544309745307968,
            0.6520908568464194,
            0.6572132347617252,
            0.6599098080935393,
            0.6689085872826084,
            0.678596467495,
            0.6868658451630119,
            0.691480276730926,
            0.6937230983695464,
            0.7036843565067792,
            0.6978073704416861,
            0.7035658446839065,
            0.7079710171426443,
            0.701087026982509,
            0.6018953375695499,
            0.5258952667038683,
            0.49360458397916784,
            0.4884105555641858,
            0.5240401640440566,
            0.6010935239189257,
            0.7019107068368802,
            0.7096851216969557,
            0.7122925961274817,
            0.7135748601447844,
            0.7139277827510402,
            0.7134485569351694,
            0.7173120344558392,
            0.7146741050977501,
            0.7158997780233565,
            0.7171400007496942,
            0.7167916791360658,
            0.7165557207729114,
            0.716489653848916,
            0.7202969965594992,
            0.7176929019089224,
            0.7192138511996424,
            0.7197142356670683,
            0.720690475831626,
            0.7199168207258404,
            0.7203880464157781,
            0.7238346498802526,
            0.7200558609672348,
            0.7205168224094072,
            0.7194345366919275,
            0.7226009420227684,
            0.7210318453848135,
            0.7210604093286608,
            0.7236932593418142,
            0.720649746155527,
            0.7211605326328563,
            0.7201592118547648,
            0.7254638904880756,
            0.7220519391074094,
            0.7221702264429772,
            0.7238561558705544,
            0.7239691203864778,
            0.7225032144308334,
            0.7222776545724948,
            0.7271864888547164,
            0.7231732713960142,
            0.7240422764596012,
            0.7235735614539409,
            0.7269826948164584,
            0.7238449749910365,
            0.7236562966255998,
            0.7234676182601589,
            0.7232789398947179
        ]
    },
    "\"amplitude\"": {
        "\"B4\"": [
            0.46795106280343507,
            0.4702097011877316,
            0.47245739973274475,
            0.4746943158783072,
            0.4774474452373039,
            0.4800951007045595,
            0.48129543459519947,
            0.48441829944278914,
            0.48732431310644986,
            0.4898235576053388,
            0.4898605356823492,
            0.48940235983604613,
            0.4875376326386635,
            0.48667410572949177,
            0.48856230321647515,
            0.48955334375462395,
            0.49284595795033964,
            0.49636599160108175,
            0.4993507469539768,
            0.5010084577766655,
            0.5018121777353112,
            0.5053661806129581,
            0.5032724477787106,
            0.5053240463949522,
            0.5068878232453607,
            0.5044419418303485,
            0.46776267923578635,
            0.4375543087320849,
            0.4240590245044677,
            0.4218473769179541,
            0.43679045366633934,
            0.4674543007984432,
            0.504735227179177,
            0.5074949890356832,
            0.508417194601455,
            0.5088700822784005,
            0.5089946607661406,
            0.5088254908861548,
            0.5101877077337434,
            0.5092580042135968,
            0.5096901900139396,
            0.5101271289921864,
            0.5100044511619539,
            0.5099213303593396,
            0.5098980545763196,
            0.5112376546241411,
            0.5103217978295412,
            0.5108569156400078,
            0.5110328426482791,
            0.511375896404428,
            0.511104050816357,
            0.5112696466982993,
            0.5124791889493021,
            0.5111529173213033,
            0.5113148910989964,
            0.5109345126132109,
            0.5120465669572596,
            0.5114957997472864,
            0.5115058313157775,
            0.5124296265534777,
            0.5113615885291886,
            0.5115409927374811,
            0.5111892375309159,
            0.5130499458974663,
            0.5118539301554828,
            0.5118954415900794,
            0.5124867271361904,
            0.5125263211279008,
            0.5120122811933737,
            0.5119331391723964,
            0.5136527099015248,
            0.5122473105973381,
            0.512551960633932,
            0.5123876644079478,
            0.5135814365356082,
            0.512482808076571,
            0.5124166690111578,
            0.5123505213042489,
            0.5122843649524573
        ]
    },