{
    "\"amplitude\"": {
        "0": [
            0.15855083181405888,
            0.6156211563009114
        ]
    },
    "\"length\"": {
        "0": 40
    },
    "\"fitted_parameters\"": {
        "0": [
            0.6576898073017068,
            0.28835637661787233,
            0.23961375079709543,
            2.1256432062724437
        ]
    },
    "\"rx90\"": true,
    "\"frequency\"": {
        "0": 4775414153.0
    },
    "\"chi2\"": {
        "0": [
            1942.6594057356247,
            0.4714045207910317
        ]
    }
}