{
    "\"length\"": {
        "1": [
            15.282966386735533,
            0.024139710897674593
        ]
    },
    "\"amplitude\"": {
        "1": [
            0.2,
            0
        ]
    },
    "\"fitted_parameters\"": {
        "1": [
            0.41963615796771375,
            0.35199450362030876,
            30.58914423429844,
            -9.422394077315307,
            1.734205498371065e-05
        ]
    },
    "\"rx90\"": true,
    "\"chi2\"": {
        "1": [
            22.837219670286395,
            0.11043152607484655
        ]
    }
}