{
    "\"amplitude\"": {
        "0": 0.020000000000000004,
        "1": 0.14261283959183593,
        "2": 0.0062904356363686275,
        "3": 0.010309670683991077,
        "4": 0.01999999999999847
    },
    "\"length\"": {
        "0": 40,
        "1": 40,
        "2": 40,
        "3": 40,
        "4": 40
    },
    "\"fitted_parameters\"": {
        "0": [
            0.006071330601906019,
            1.5913441199045646e-05,
            0.032606439079112794,
            -3.853953688064333
        ],
        "1": [
            0.004967966603509363,
            2.5517866700830492e-05,
            0.29858130801218813,
            0.1405243539559613
        ],
        "2": [
            0.0057901008715303005,
            8.20377082091904e-06,
            0.013709564363631375,
            -9.16613415353674
        ],
        "3": [
            0.004704666117989024,
            1.226084433710254e-05,
            0.017149435521995975,
            -6.918834842140473
        ],
        "4": [
            0.009197902431271773,
            9.520652565497323e-06,
            0.04310578188270476,
            -2.915240152365776
        ]
    },
    "\"rx90\"": false,
    "\"frequency\"": {
        "0": 4744414153.0,
        "1": 4827258099.0,
        "2": 5491872640.0,
        "3": 6373817374.0,
        "4": 6243006985.0
    }
}