{
    "\"fitted_parameters\"": {
        "[\"B4\", \"MX\"]": [
            0.15334936115588604,
            0.2877852570363697,
            1.6571420771665448,
            -4.798734730734528,
            4.7824075012297616e-23
        ],
        "[\"B4\", \"MY\"]": [
            0.1338270252126934,
            0.563258966197075,
            1.7346414696603734,
            -1.4893673463897303,
            3.0971153145055888e-37
        ]
    },
    "\"detuning\"": {
        "\"B4\"": [
            0.596302339535394,
            0.6068316838532865,
            0.6173610281711788,
            0.6278903724890712,
            0.6337218920888439,
            0.6406360627591248,
            0.6456479591737015,
            0.6517363999577335,
            0.6583260559372046,
            0.6672037003256872,
            0.6670014078541677,
            0.663549478425455,
            0.6644487993971823,
            0.6623195184887727,
            0.6630498499090969,
            0.6724952391436192,
            0.676045917327835,
            0.6817600904514393,
            0.6975972442407468,
            0.6969797864794474,
            0.6993235217314016,
            0.7073494198145458,
            0.7069909448647169,
            0.704950755817344,
            0.7069240911740411,
            0.722476219444056,
            0.7117932887637857,
            0.7122200801396075,
            0.7210247936463191,
            0.7119995492313622,
            0.7077300738655404,
            0.7107982440850732,
            0.7252080389104062,
            0.7159941241243037,
            0.7153369307274242,
            0.6197780076981639,
            0.5447134671268701,
            0.5011122684240321,
            0.5047640129990757,
            0.5524585031068492,
            0.6138233885296436,
            0.7171330820344698,
            0.7260720929521569,
            0.7304290953609263,
            0.7205162702813945,
            0.7224272881881223,
            0.7348370591221005,
            0.7277905443273803,
            0.7211501545091386,
            0.6183703719118132,
            0.45149807416417664,
            0.33280134408531914,
            0.2951696461868481,
            0.3394475777228175,
            0.4476518932348477,
            0.6151300060573004,
            0.7233313828363253,
            0.7345033649008794,
            0.7297967164250063,
            0.7237558110225006,
            0.7268241863188152,
            0.7367180932607695,
            0.7271964612935133,
            0.725303105839623,
            0.7315223750147073,
            0.7368929140482741,
            0.7280525625798815,
            0.7270918086478496,
            0.7365143272060906,
            0.7353876902743323,
            0.7270788483187058,
            0.7291241441148484,
            0.7375892540572553,
            0.7302041021856194,
            0.7251891428410108,
            0.730359726738665,
            0.7328016731000073,
            0.7352436194613474,
            0.7376855658226875
        ]
    },
    "\"amplitude\"": {
        "\"B4\"": [
            0.4660024968958586,
            0.47009158346918584,
            0.47414531950114536,
            0.47816460626795937,
            0.4803761228653432,
            0.48298506637259386,
            0.48486742228425106,
            0.4871442958586129,
            0.4895966467727676,
            0.49288113863914884,
            0.4928065401198037,
            0.4915318379661986,
            0.4918642513209229,
            0.4910768463282169,
            0.4913470643459026,
            0.4948284724732253,
            0.4961308587366273,
            0.4982196484567684,
            0.5039634956046585,
            0.5037407847289651,
            0.5045856239408456,
            0.50746801596638,
            0.5073396247552311,
            0.5066082906511725,
            0.5073156768671051,
            0.5128564620569425,
            0.5090569348218955,
            0.5092092738257241,
            0.5123419009111209,
            0.509130563181219,
            0.5076043152007517,
            0.5087015857865042,
            0.5138235489855184,
            0.5105543991901277,
            0.5103204212272491,
            0.47507094914730597,
            0.4454242608846633,
            0.4272579929238801,
            0.4288090888272501,
            0.4485740565232747,
            0.4727872356497646,
            0.5109596435387634,
            0.5141290517994059,
            0.5156667896137864,
            0.5121614960490404,
            0.5128391233202341,
            0.5172178505898289,
            0.5147361029828056,
            0.5123863644236201,
            0.47453208756096443,
            0.40559508638781955,
            0.3483260431365707,
            0.3280815388248197,
            0.3517800453185017,
            0.4038670708652632,
            0.47328929518927754,
            0.5131593934589158,
            0.5171005944138372,
            0.515443886322692,
            0.5133096755323849,
            0.514394820743487,
            0.5178783258354148,
            0.5145263214901807,
            0.5138571706273373,
            0.5160519252851219,
            0.5179396666457537,
            0.5148285991529031,
            0.5144893578617298,
            0.5178068195690125,
            0.5174112775881695,
            0.5144847800493626,
            0.5152067094525151,
            0.5181839249761219,
            0.515587494247293,
            0.5138168658849223,
            0.5156423430184119,
            0.5165022252398619,
            0.5173606750573859,
            0.5182176996055806
        ]
    },