{
    "\"fitted_parameters\"": {
        "[\"B4\", \"MX\"]": [
            0.057141209175485486,
            1.4427817645130319,
            2.2052854560170934,
            0.8749565806630057,
            0.07880082868512647
        ],
        "[\"B4\", \"MY\"]": [
            0.05092858380610199,
            0.5135181418396082,
            1.7888914318148958,
            -2.326016464374713,
            4.636877205269493e-32
        ]
    },
    "\"detuning\"": {
        "\"B4\"": [
            0.6006600697969832,
            0.6066259742003846,
            0.6125918786037858,
            0.6185577830071871,
            0.623929722844619,
            0.6318679833706229,
            0.6367587984874994,
            0.6437504033539363,
            0.6518319694326927,
            0.6605393959152184,
            0.659739406634997,
            0.6580180195746278,
            0.6548135679741004,
            0.6536228364644634,
            0.6567575201008281,
            0.6608530144646108,
            0.6672005039414652,
            0.6769514830898051,
            0.6857734173050143,
            0.6908624624443457,
            0.6949558382939303,
            0.7007221535306405,
            0.6987755943615885,
            0.7006382430307455,
            0.7070365851591928,
            0.7043994366373219,
            0.7064976009261985,
            0.6117239505818344,
            0.5391327198865039,
            0.5039609255580303,
            0.5035424346557578,
            0.5329624140764737,
            0.4983339921486212,
            0.5198527406790103,
            0.3993141015214097,
            0.31982635448182645,
            0.22288480453114815,
            0.22425528096943648,
            0.31670543044360544,
            0.2921155777103508,
            0.33938390992228507,
            0.2932891115462096,
            0.31475508612545916,
            0.2313356991665396,
            0.22812986557051512,
            0.23811560725240546,
            0.23904261292862924,
            0.30878086805809335,
            0.28983124587217896,
            0.330756647339027,
            0.28913367473682944,
            0.3097395401396863,
            0.2462354360582426,
            0.2440618221788716,
            0.29371528084030685,
            0.2778580446857166,
            0.3099596418158101,
            0.3501703118594782,
            0.3720459823321768,
            0.36917831275727686,
            0.34656274996619985,
            0.34620537717474714,
            0.2844112568136846,
            0.25461420228604864,
            0.2916374757128967,
            0.2725914478895066,
            0.3070790686995989,
            0.28257920776372414,
            0.2969119230550172,
            0.2525240961231842,
            0.256717341133267,
            0.2572907047171349,
            0.25179512583852504,
            0.29480956844133027,
            0.27945628328094285,
            0.3092861241498889,
            0.3077000832487453,
            0.30611404234759965,
            0.3045280014464539
        ]
    },
    "\"amplitude\"": {
        "\"B4\"": [
            0.46728750797904056,
            0.4695779106821933,
            0.4718570491799939,
            0.47412508804780656,
            0.47615795721139453,
            0.47914598850168544,
            0.48097757348307557,
            0.4835836916801784,
            0.48657847832362866,
            0.4897844364961751,
            0.48949077821514436,
            0.4888582895151163,
            0.48767866617372285,
            0.4872395967904022,
            0.4883946184805649,
            0.48989951025379336,
            0.4922226926520754,
            0.4957700799825752,
            0.4989574815444507,
            0.5007868332844698,
            0.5022533782290253,
            0.5043119671907518,
            0.5036179931578187,
            0.5042820719298827,
            0.5065565208387054,
            0.5056203358755398,
            0.5063653244556289,
            0.47152617075538317,
            0.44296617778111375,
            0.4284342441293699,
            0.4282583244857159,
            0.4404519621562179,
            0.426062702149925,
            0.4350612438737486,
            0.3818881359942395,
            0.3422521853001772,
            0.28642665091539715,
            0.28729312138846835,
            0.34060014060569327,
            0.3272864965504044,
            0.35242546916875106,
            0.32793439813222897,
            0.339563580056051,
            0.2917277745636587,
            0.28972846757068926,
            0.2959106078929702,
            0.29647783679041306,
            0.33636818100379706,
            0.32602156611123195,
            0.3479751360111587,
            0.3256342935072181,
            0.33688302049076485,
            0.3008419804755331,
            0.2995300156876044,
            0.32816936120964285,
            0.31930793960403164,
            0.3370011094902426,
            0.35791039059499147,
            0.3687795939771119,
            0.36737338284981075,
            0.35608550166423153,
            0.3559042059407199,
            0.3230000863872451,
            0.3058455592515601,
            0.3270221640124506,
            0.3163088323907131,
            0.33545227430499336,
            0.3219722378889999,
            0.32992635355336025,
            0.30460525548668327,
            0.30708843720016454,
            0.3074263846191299,
            0.30417145830683445,
            0.32877189910156845,
            0.3202124056287788,
            0.33663962065340225,
            0.33578679859514093,
            0.33493176445864414,
            0.3340745009408052
        ]
    },