{
    "\"amplitude\"": {
        "0": [
            0.15,
            0.1722169404603525
        ],
        "1": [
            0.07475750245795401,
            0.002468784221301504
        ],
        "2": [
            0.07961062074340766,
            0.0065013381489477245
        ],
        "3": [
            0.12878951000783445,
            0.041849151329555585
        ],
        "4": [
            0.12777580635405167,
            0.030478423069683142
        ]
    },
    "\"length\"": {
        "0": 40,
        "1": 40,
        "2": 40,
        "3": 40,
        "4": 40
    },
    "\"fitted_parameters\"": {
        "0": [
            0.4450942538783205,
            0.5110379076878425,
            0.3740589754428514,
            -2.519596796096474
        ],
        "1": [
            0.4790787610291078,
            0.47163153756714277,
            0.1546595612762302,
            -3.037091513574916
        ],
        "2": [
            0.4623668232896914,
            0.45210108200417637,
            0.17388527363139056,
            -2.8766569595237166
        ],
        "3": [
            0.5853290332101221,
            0.3448838364589153,
            0.22668969367968847,
            -3.56967422675815
        ],
        "4": [
            0.5012362664665321,
            0.49346036637934615,
            0.27017742172166087,
            -2.971525392391572
        ]
    },
    "\"rx90\"": true,
    "\"frequency\"": {
        "0": 4775414153.0,
        "1": 4817258099.0,
        "2": 5518872640.0,
        "3": 6334817374.0,
        "4": 6244006985.0
    },
    "\"chi2\"": {
        "0": [
            1495.9335218416259,
            0.3651483716701107
        ],
        "1": [
            2047.3632788831621,
            0.3651483716701107
        ],
        "2": [
            1922.2287954906144,
            0.3651483716701107
        ],
        "3": [
            630.0674097773906,
            0.3651483716701107
        ],
        "4": [
            2934.0461960193657,
            0.3651483716701107
        ]
    }
}