{
    "single_qubits": {
        "0": {
            "resonator": {
                "bare_frequency": 7203310200.0,
                "dressed_frequency": 7205746354.0,
                "depletion_time": null,
                "bare_frequency_amplitude": null
            },
            "qubit": {
                "frequency_01": 4775447312.870618,
                "frequency_12": 4768288843.0,
                "maximum_frequency": 4775470005.0,
                "asymmetry": null,
                "sweetspot": 0.4443210024136402,
                "flux_coefficients": null
            },
            "readout": {
                "fidelity": 0.020993887855434518,
                "coupling": 29615571.52648537,
                "effective_temperature": -0.02852954915957554,
                "ground_state": [
                    -9.571613555991908e-8,
                    -2.1142343291950507e-7
                ],
                "excited_state": [
                    2.804699094251784e-7,
                    -9.365991617243815e-8
                ],
                "qudits_frequency": {
                    "1": 7205024565.148687
                }
            },
            "t1": [
                17943.689360098204,
                563.4332332231081
            ],
            "t2": [
                11661.751470016907,
                837.8392603772085
            ],
            "t2_spin_echo": [
                21217.0,
                null
            ],
            "rb_fidelity": [
                0.0,
                null
            ]
        },
        "1": {
            "resonator": {
                "bare_frequency": 7400000000.0,
                "dressed_frequency": 7338809691.0,
                "depletion_time": null,
                "bare_frequency_amplitude": null
            },
            "qubit": {
                "frequency_01": 4818240860.279988,
                "frequency_12": null,
                "maximum_frequency": 4818244476.0,
                "asymmetry": null,
                "sweetspot": 0.38145591555038083,
                "flux_coefficients": null
            },
            "readout": {
                "fidelity": 0.02471432367791654,
                "coupling": 31190820.298773628,
                "effective_temperature": 0.5972598024781214,
                "ground_state": [
                    -2.1678059376080406e-7,
                    -1.1110177389721135e-7
                ],
                "excited_state": [
                    -3.3882025103603243e-7,
                    2.631126107797007e-7
                ],
                "qudits_frequency": {
                    "1": 7338037748.727771
                }
            },
            "t1": [
                39225.887676753395,
                1520.5995346589632
            ],
            "t2": [
                5254.484062903938,
                366.9431214382005
            ],
            "t2_spin_echo": [
                0.0,
                null
            ],
            "rb_fidelity": [
                0.0,
                null
            ]
        },
        "2": {
            "resonator": {
                "bare_frequency": 7488602714.0,
                "dressed_frequency": 7500270640.0,
                "depletion_time": null,
                "bare_frequency_amplitude": null
            },
            "qubit": {
                "frequency_01": 5522206797.065333,
                "frequency_12": null,
                "maximum_frequency": 5520823737.0,
                "asymmetry": null,
                "sweetspot": 0.5309495877153305,
                "flux_coefficients": [
                    -59.52892007354071,
                    0.012156049478242488,
                    -0.0001111289929954913
                ]
            },
            "readout": {
                "fidelity": 0.015147488705819834,
                "coupling": 18737570.65615571,
                "effective_temperature": 0.08571483220356424,
                "ground_state": [
                    -7.323928701708525e-7,
                    -2.4999120288396665e-7
                ],
                "excited_state": [
                    -3.624441156100948e-7,
                    -1.8361731155926707e-7
                ],
                "qudits_frequency": {
                    "1": 7499915650.477788
                }
            },
            "t1": [
                27228.730951167418,
                512.1949023084995
            ],
            "t2": [
                13949.223281442719,
                863.5550063994327
            ],
            "t2_spin_echo": [
                0.0,
                null
            ],
            "rb_fidelity": [
                0.0,
                null
            ]
        },
        "3": {
            "resonator": {
                "bare_frequency": 7667554261.0,
                "dressed_frequency": 7663829185.0,
                "depletion_time": null,
                "bare_frequency_amplitude": null
            },
            "qubit": {
                "frequency_01": 6334870824.378065,
                "frequency_12": null,
                "maximum_frequency": 6334869221.0,
                "asymmetry": null,
                "sweetspot": 0.795890450870034,
                "flux_coefficients": [
                    -63.16784985899634,
                    -0.16862749839062832,
                    0.00009668521332065189
                ]
            },
            "readout": {
                "fidelity": 0.021259633271326073,
                "coupling": 19309412.929541454,
                "effective_temperature": -0.03919674860391703,
                "ground_state": [
                    2.4821279295823587e-7,
                    8.923949358263595e-8
                ],
                "excited_state": [
                    8.586185300980607e-8,
                    -2.5461166265509467e-7
                ],
                "qudits_frequency": {
                    "1": 7663268064.440386
                }
            },
            "t1": [
                33210.329793340185,
                1030.7944105550346
            ],
            "t2": [
                8444.407473842874,
                747.8759910391087
            ],
            "t2_spin_echo": [
                24769.0,
                null
            ],
            "rb_fidelity": [
                0.0,
                null
            ]
        },
        "4": {
            "resonator": {
                "bare_frequency": 8000000000.0,
                "dressed_frequency": 7796580709.0,
                "depletion_time": null,
                "bare_frequency_amplitude": null
            },
            "qubit": {
                "frequency_01": 6244030250.614023,
                "frequency_12": null,
                "maximum_frequency": 6244070274.0,
                "asymmetry": null,
                "sweetspot": -0.08205572824198029,
                "flux_coefficients": [
                    -69.88332254077011,
                    0.01339390938980912,
                    9.621176249569164e-6
                ]
            },
            "readout": {
                "fidelity": 0.018336433696518772,
                "coupling": 21186542.198195282,
                "effective_temperature": -0.05002408693170889,
                "ground_state": [
                    -2.9505156469051613e-7,
                    -2.2408662870793475e-7
                ],
                "excited_state": [
                    -2.8642364204674364e-7,
                    -5.679112496985548e-8
                ],
                "qudits_frequency": {
                    "1": 7796002474.318002
                }
            },
            "t1": [
                35268.20189993534,
                1097.3303590309936
            ],
            "t2": [
                13678.277437472008,
                934.9675322778049
            ],
            "t2_spin_echo": [
                0.0,
                null
            ],