{
    "\"length\"": {
        "0": [
            32.11627197307528,
            0.11296430474976643
        ]
    },
    "\"amplitude\"": {
        "0": [
            0.2,
            0
        ]
    },
    "\"fitted_parameters\"": {
        "0": [
            0.42690736305954624,
            0.34652011947077727,
            63.48381126308493,
            -3.1786448256289557,
            0.00010095131606421538
        ]
    },
    "\"rx90\"": true,
    "\"chi2\"": {
        "0": [
            24.535658211097786,
            0.11043152607484655
        ]
    }
}