{
    "\"length\"": {
        "0": [
            32.18389586225063,
            0.11438816949827971
        ]
    },
    "\"amplitude\"": {
        "0": [
            0.2,
            0
        ]
    },
    "\"fitted_parameters\"": {
        "0": [
            0.4247562031393681,
            0.34285827204616465,
            63.45667501394199,
            -3.1866999266044447,
            5.538298929364524e-16
        ]
    },
    "\"rx90\"": true,
    "\"chi2\"": {
        "0": [
            24.68216321962072,
            0.11180339887498948
        ]
    }
}