{
    "\"length\"": {
        "2": [
            16.77973729872246,
            0.015839964390271598
        ]
    },
    "\"amplitude\"": {
        "2": [
            0.2,
            0
        ]
    },
    "\"fitted_parameters\"": {
        "2": [
            0.41525052800735945,
            0.39009196520750367,
            33.763524730661146,
            -9.405791720304563,
            9.626063521904524e-05
        ]
    },
    "\"rx90\"": true,
    "\"chi2\"": {
        "2": [
            8.29853877597183,
            0.11180339887498948
        ]
    }
}