{
    "\"fitted_parameters\"": {
        "[\"B4\", \"MX\"]": [
            -0.034960089608137346,
            0.5810956342352112,
            0.35421492476683825,
            -2.7073197633977326,
            3.050114993831292e-14
        ],
        "[\"B4\", \"MY\"]": [
            0.1844460876037345,
            0.3921996127399461,
            0.38736265509097406,
            -0.27848920202323907,
            1.2960319086521678e-33
        ]
    },
    "\"detuning\"": {
        "\"B4\"": [
            0.005963248596510769,
            0.0040207656136665715,
            0.0020782826308223742,
            0.0001357996479781215,
            -0.0010841815622614978,
            -0.00091046298472066,
            -0.0003741379058281244,
            0.05806392697288184,
            0.08833289613057324,
            0.08637025044968481,
            0.06401208449958386,
            0.027929497717552536,
            -0.022527769273622454,
            -0.09115578460809379,
            -0.08857959582723665,
            -0.07674660413263432,
            -0.06625245898823753,
            -0.054239186192333276,
            -0.039324242800866764,
            -0.0242132108962965,
            -0.022700152816491785,
            -0.02840092860026034,
            -0.030531337781601685,
            -0.029560605605593725,
            -0.026539836473736027,
            -0.020098028913104464,
            -0.010462532427492267,
            -0.000886693700851017,
            0.007785541486059401,
            0.016536320572545088,
            0.023337324714638973,
            0.026662188287310713,
            0.030228495487459588,
            0.032031901287974354,
            0.0341051223227722,
            0.03734203065210892,
            0.04290256838223399,
            0.04846249060737028,
            0.05323162225010031,
            0.05751478871834428,
            0.0580371802399556,
            0.05888755020728633,
            0.05655695349519259,
            0.054387621980941894,
            0.0513111119548456,
            0.04820672830311325,
            0.046852573658134826,
            0.045161215365414474,
            0.044977849076757045,
            0.04579857855442586,
            0.047039282174461884,
            0.04741705776942039,
            0.0464689241326807,
            0.04820106722200543,
            0.05253731521548041,
            0.055683905142633695,
            0.06277289142209576,
            0.06984331552408715,
            0.07457787713352886,
            0.07458156858246186,
            0.0721564031937775,
            0.06801660148249575,
            0.06125984241494327,
            0.056164907905898016,
            0.052652789227931394,
            0.05095151240345007,
            0.05003332648217923,
            0.050801638002849966,
            0.05095738658740387,
            0.05030977266290682,
            0.05302535345577927,
            0.05669570582467231,
            0.06353460922460037,
            0.07062344366372948,
            0.07787234814862301,
            0.08130729602454269,
            0.07913540682882962,
            0.07512868709831395,
            0.06834106205658148,
            0.06043191477038879,
            0.05501278335151144,
            0.051811495692478816,
            0.049585715078503165,
            0.04860558357494154,
            0.04905212256529863,
            0.048856902401988166,
            0.046371297294815934,
            0.043885692187644015,
            0.04140008708047209
        ]
    },
    "\"amplitude\"": {
        "\"B4\"": [
            0.04374893052421543,
            0.03442500366152831,
            0.021035757674410595,
            0.0016837216002371595,
            0.0016837216002371595,
            0.001683721600237159,
            0.0016837216002371595,
            0.14478281243548038,
            0.17873194533352701,
            0.17673041087589175,
            0.15206046035589926,
            0.09995342960466018,
            0.0016837216002371595,
            0.0016837216002371592,
            0.001683721600237159,
            0.001683721600237159,
            0.0016837216002371599,
            0.0016837216002371586,
            0.0016837216002371595,
            0.001683721600237159,
            0.001683721600237159,
            0.0016837216002371595,
            0.0016837216002371595,
            0.001683721600237159,
            0.0016837216002371592,
            0.001683721600237159,
            0.0016837216002371595,
            0.001683721600237159,
            0.05091597949320983,
            0.07628915347873012,
            0.0911712465858154,
            0.0976101560757396,
            0.10406750965468262,
            0.1071824972171983,
            0.11065356244643225,
            0.1158621245373724,
            0.12429423600216734,
            0.13218179735710878,
            0.1385859018648378,
            0.1440921831076349,
            0.1447492513715309,
            0.1458124467607491,
            0.14287946725912906,
            0.1400935966169597,
            0.13604370997467913,
            0.1318294507873438,
            0.12994779492266628,
            0.12755807947373604,
            0.12729627019451925,
            0.12846389716937506,
            0.13020887170569895,
            0.13073550443880988,
            0.12940965827767262,
            0.13182164110427355,
            0.13767232811811916,
            0.14176495454397417,
            0.15057362944914296,
            0.15886830209981936,
            0.1641861474854142,
            0.16419022581659343,
            0.1614884655009822,
            0.15676780015691696,
            0.14873783376362257,
            0.1423800833155252,
            0.1378246945947695,
            0.13556234024700148,
            0.13432530688844813,
            0.1353612025274978,
            0.1355702174940574,
            0.13469896166177572,
            0.13831512984427574,
            0.14305578601635754,
            0.1514893149616506,
            0.15975685061668113,
            0.16778606661950243,
            0.17145822162414667,
            0.16914570945975052,
            0.1647935575115613,
            0.15714296372561407,
            0.1477235336197419,
            0.14090215114296362,
            0.13671068190122607,
            0.1337180567407168,
            0.1323785125473911,
            0.13299049141603028,
            0.13272329503268804,
            0.12927235701265039,
            0.12572544831929258,
            0.1220740868646052
        ]
    },