{
    "\"fitted_parameters\"": {
        "[1, \"MX\"]": [
            -0.4909795404339782,
            0.17648243435196753,
            2.2253133302419497,
            -4.080585711823588,
            8.90640240236976e-16
        ],
        "[1, \"MY\"]": [
            -0.5051754095770178,
            0.10888391610490183,
            1.1711295142253644,
            -0.37269851683380595,
            1.2464457988574426e-124
        ]
    },
    "\"detuning\"": {
        "1": [
            -0.017993745987205767,
            -0.01156141189118065,
            -0.005129077795155534,
            0.0013032563008689158,
            0.0029919131548678535,
            -0.06809002730959096,
            -0.15378721438785553,
            -0.1991825799675502,
            -0.2161480858327972,
            -0.1879621457072928,
            -0.12319605137707235,
            -0.030361508541870086,
            -0.003864819402312869,
            -0.08541539078296873,
            -0.16735509043178765,
            -0.1959592802754315,
            -0.21372767705760187,
            -0.1859071856146281,
            -0.12446739393906939,
            -0.03296557630020258,
            -0.004249045300773302,
            -0.0008188608644114637,
            0.006495132259124292,
            0.006660470210037239,
            -0.0093951424608964,
            -0.10859902173077274,
            -0.1797745706002118,
            -0.20691367383539033,
            -0.20034913004060706,
            -0.17886923290011025,
            -0.10387291067818288,
            -0.012114221232648603,
            -0.011653420532533931,
            -0.007938744705671574,
            0.007863705031454227,
            0.014716889288947044,
            0.010086419665259916,
            0.004143095171376843,
            -0.0037121079225473363,
            -0.012650979309888677,
            -0.012320000920269802,
            -0.05513657049905957,
            -0.13666745774450367,
            -0.1888885884014056,
            -0.20644243359136966,
            -0.19096988985812452,
            -0.14857635495758065,
            -0.06263676289817616,
            -0.013394643709855047,
            -0.010424699806285853,
            -0.0036723316194316458,
            0.008367769733474695,
            0.027782182957595436,
            0.016986933159109208,
            0.007996127557923949,
            -0.0017837145886610561,
            -0.014777431294638543,
            -0.020062951213333624,
            -0.007715348011526901,
            0.0062649735814157,
            0.005243069858762162,
            0.009735870842524308,
            0.01171469844152434,
            0.004100028129119415,
            -0.009178502927475407,
            -0.005831302322632903,
            -0.01221509117765579,
            -0.018536004886295088,
            0.0006243880148048553,
            0.00531717383438729,
            0.009417615153285375,
            0.012934508888562346,
            0.002512401621336424,
            -0.0009393275345235819,
            -0.008856143476395462,
            -0.003034884424414186,
            -0.009050008266727583,
            -0.015065132109053248,
            -0.021080255951378857
        ]
    },
    "\"amplitude\"": {
        "1": [
            0.7613391353106711,
            0.7767979332224142,
            0.7917933005909921,
            0.8063645743384824,
            0.8101239990326927,
            0.617775125021741,
            0.27636104765692804,
            0.27636104765692815,
            0.27636104765692804,
            0.27636104765692804,
            0.2763610476569281,
            0.7301383906324801,
            0.7946895907624749,
            0.5511935411480893,
            0.27636104765692815,
            0.27636104765692804,
            0.27636104765692815,
            0.2763610476569281,
            0.27636104765692815,
            0.72329148011902,
            0.7938110822106508,
            0.8016019913494352,
            0.8178399140792865,
            0.818201359230166,
            0.7818977219901935,
            0.4199870380892995,
            0.27636104765692804,
            0.27636104765692815,
            0.27636104765692804,
            0.27636104765692804,
            0.4547454782674124,
            0.7754881752688898,
            0.7765801772423178,
            0.7852976184111546,
            0.8208245228563149,
            0.835530505203868,
            0.8256373027892696,
            0.8126717478531729,
            0.7950383428109673,
            0.7742131500908047,
            0.7749997477093273,
            0.660080355377551,
            0.2763610476569281,
            0.2763610476569281,
            0.27636104765692804,
            0.27636104765692815,
            0.27636104765692804,
            0.6361918802912528,
            0.7724412204147639,
            0.7794804042734238,
            0.7951291427285763,
            0.8219196820728731,
            0.8625455527551094,
            0.8403171612131599,
            0.8211124446837286,
            0.7994222684929528,
            0.7691295131938194,
            0.7562603750954453,
            0.7858171210662872,
            0.8173363623233361,
            0.8150949101753515,
            0.8248810742891615,
            0.8291363767481028,
            0.8125766516062327,
            0.7824049036409664,
            0.790177521665856,
            0.7752488155621847,
            0.7600133448710313,
            0.8048456861764073,
            0.8152577639709335,
            0.8241936067222666,
            0.8317432333124499,
            0.8090591688981916,
            0.8013303368244276,
            0.7831586499889283,
            0.7965821221958582,
            0.7827054865270542,
            0.7684376831060593,
            0.7537436400659641
        ]
    },