{
    "\"length\"": {
        "2": [
            33.995043322555986,
            0.06666021204689526
        ],
        "3": [
            48.288528643657926,
            0.24050929544812538
        ],
        "4": [
            52.54052889908696,
            0.3059471745970029
        ]
    },
    "\"amplitude\"": {
        "2": [
            0.2,
            0
        ],
        "3": [
            0.2,
            0
        ],
        "4": [
            0.2,
            0
        ]
    },
    "\"fitted_parameters\"": {
        "2": [
            0.414859557284411,
            0.40643387851035334,
            67.60035334537368,
            -3.1597047374876643,
            0.00032039828294913185
        ],
        "3": [
            0.5799216947124127,
            0.27387756819641657,
            96.98451589751718,
            -3.1283939592971595,
            5.1708749242923335e-21
        ],
        "4": [
            0.4068451083203212,
            0.40058673444387977,
            105.32155547260936,
            -3.1344189489875256,
            0.00040805132532434324
        ]
    },
    "\"rx90\"": false,
    "\"chi2\"": {
        "2": [
            10.30861029055459,
            0.11180339887498948
        ],
        "3": [
            9.291831378439719,
            0.11180339887498948
        ],
        "4": [
            26.17009621327676,
            0.11180339887498948
        ]
    }
}