{
    "\"length\"": {
        "0": [
            58.39251708767598,
            0.48472616032298255
        ],
        "1": [
            28.565794989359812,
            0.10507163267014737
        ],
        "2": [
            31.10683779237968,
            0.07001339824234148
        ],
        "3": [
            44.67047189955557,
            0.21427694293015306
        ],
        "4": [
            47.70363848228664,
            0.3509412259718653
        ]
    },
    "\"amplitude\"": {
        "0": [
            0.22,
            0
        ],
        "1": [
            0.22,
            0
        ],
        "2": [
            0.22,
            0
        ],
        "3": [
            0.22,
            0
        ],
        "4": [
            0.22,
            0
        ]
    },
    "\"fitted_parameters\"": {
        "0": [
            0.4334350513711603,
            0.34176658546647926,
            114.44112852208286,
            -3.2059366256924173,
            2.3805937440622187e-17
        ],
        "1": [
            0.42257458932099357,
            0.37178521565128514,
            55.36808278336408,
            -3.2416542950802287,
            0.00020650778257114456
        ],
        "2": [
            0.4212786551724466,
            0.40070305964554687,
            61.3530722404371,
            -3.185659968321518,
            2.2167240202686422e-05
        ],
        "3": [
            0.5627969143461593,
            0.29629790676104223,
            86.94878835377848,
            -3.2280248870410984,
            1.0237439257644498e-22
        ],
        "4": [
            0.4153102741520804,
            0.3944885879945491,
            95.97564754327072,
            -3.1229880504403593,
            6.465853960740673e-23
        ]
    },
    "\"rx90\"": false,
    "\"chi2\"": {
        "0": [
            18.06975999404857,
            0.15617376188860607
        ],
        "1": [
            20.429254175677784,
            0.15617376188860607
        ],
        "2": [
            9.096124204824243,
            0.15617376188860607
        ],
        "3": [
            8.084257458158802,
            0.15617376188860607
        ],
        "4": [
            26.494717039108675,
            0.15617376188860607
        ]
    }
}