{
    "\"amplitude\"": {
        "0": 0.015634353820402187,
        "1": 0.013391508340511565,
        "2": 0.002598846477724176,
        "3": 0.0027092938207189756,
        "4": 0.0035430483578440704
    },
    "\"length\"": {
        "0": 40,
        "1": 40,
        "2": 40,
        "3": 40,
        "4": 40
    },
    "\"fitted_parameters\"": {
        "0": [
            0.006081955803495008,
            7.822715232920254e-06,
            0.05443685561630536,
            -11.229319040511214
        ],
        "1": [
            0.004981362485500616,
            5.989814339658144e-06,
            0.033766327629056396,
            -15.05824149147731
        ],
        "2": [
            0.005778879010451011,
            2.077542773256977e-05,
            0.0064397972430825625,
            -96.78342372630205
        ],
        "3": [
            0.004705015050663248,
            3.792662752695854e-06,
            0.006949336155662931,
            -90.41418009487847
        ],
        "4": [
            0.009215382126150714,
            9.037346458439608e-06,
            0.011347876663783051,
            -55.368819148629655
        ]
    },
    "\"rx90\"": false,
    "\"frequency\"": {
        "0": 4745414153.0,
        "1": 4858258099.0,
        "2": 5557872640.0,
        "3": 6311817374.0,
        "4": 6228006985.0
    }
}