{
    "\"fitted_parameters\"": {
        "[\"B4\", \"MX\"]": [
            0.042551960343162554,
            0.6758906054382966,
            2.1882765987082604,
            0.8380448745653841,
            4.538176626669981e-34
        ],
        "[\"B4\", \"MY\"]": [
            0.03491909338894594,
            0.6608035510238659,
            2.1962278344070416,
            -1.2651216704273938,
            1.0758072377928961e-39
        ]
    },
    "\"detuning\"": {
        "\"B4\"": [
            0.2943241701643045,
            0.297358847113195,
            0.30039352406208547,
            0.30342820101097595,
            0.3081377245184963,
            0.3126579457155227,
            0.3130182200980663,
            0.31828769972437343,
            0.3231125310789173,
            0.32544914974550093,
            0.3261345706709757,
            0.3250733478602276,
            0.3215820590872137,
            0.3214787416191183,
            0.324119007975146,
            0.32523782600080675,
            0.33055825388942106,
            0.3360278960690882,
            0.3368801191254988,
            0.34037200049762584,
            0.3444614459525889,
            0.3414637686114447,
            0.34219899777675294,
            0.34732392729600003,
            0.34459191742250367,
            0.344575064647024,
            0.3509097650024057,
            0.34848996059802245,
            0.34541411483675916,
            0.3468251921812679,
            0.3473781929435419,
            0.34449695335998093,
            0.3453198084448047,
            0.35065949609935215,
            0.35000130947545244,
            0.34995151240253625,
            0.3527596631673668,
            0.3516806851457672,
            0.3507277758838265,
            0.3505242341939138,
            0.3516839786356104,
            0.35030256206888954,
            0.3515796686821603,
            0.3538321671934873,
            0.3525896239510035,
            0.3524988720321345,
            0.35440396952925035,
            0.3538484447574178,
            0.35194685906302686,
            0.3534921652417099,
            0.3540794730873704,
            0.3531904885826184,
            0.3535487655808577,
            0.35643978873457266,
            0.35485236550818133,
            0.3539477185912615,
            0.3553787058790823,
            0.3547949872222306,
            0.3522915721446913,
            0.35254375531572435,
            0.35453594780457415,
            0.35269427001497977,
            0.3521842089879447,
            0.35684033231120843,
            0.35686324587739565,
            0.35522315440353674,
            0.3549045542864285,
            0.3570691143357036,
            0.3542398406946605,
            0.3528982481946236,
            0.3568467359194463,
            0.3561965608883608,
            0.35479253341369216,
            0.3559792970196771,
            0.3585564606483324,
            0.35550166158462015,
            0.3519044580925207,
            0.3483072546004213,
            0.3447100511083218
        ]
    },
    "\"amplitude\"": {
        "\"B4\"": [
            0.32682438865875824,
            0.3285075679968436,
            0.33018217177104286,
            0.3318483297347765,
            0.33441761646038287,
            0.3368652091117433,
            0.3370595248141057,
            0.3398889555515263,
            0.34245914389649257,
            0.343696956765617,
            0.3440592110083651,
            0.3434981783125784,
            0.3416459540427262,
            0.34159098837435675,
            0.3429928677334347,
            0.34358519231410634,
            0.34638807967990143,
            0.3492461386877784,
            0.3496893496259053,
            0.35149952009286256,
            0.35360768957343286,
            0.3520635772580791,
            0.35244292175588526,
            0.3550758978759987,
            0.3536747427920389,
            0.35366608235769337,
            0.3569066085906502,
            0.3556722369375586,
            0.3540970028317834,
            0.3548205262014267,
            0.3551036729144677,
            0.3536259391582925,
            0.354048594982622,
            0.3567791412837963,
            0.3564436952868298,
            0.3564183032790936,
            0.35784739384366687,
            0.3572989690750874,
            0.35681392215357893,
            0.3567102305495571,
            0.3573006443758237,
            0.35659726835447125,
            0.35724758117805316,
            0.35839169673849147,
            0.3577610218002342,
            0.35771491549910117,
            0.35868155280393255,
            0.35839995134500857,
            0.3574343385498761,
            0.358219232986687,
            0.3585170889328814,
            0.3580661399722943,
            0.35824794889343914,
            0.3597116480592704,
            0.3589086884689582,
            0.3584502905414525,
            0.35917512381814,
            0.3588796314275973,
            0.35760957498742113,
            0.35773771908917684,
            0.35874842152693937,
            0.3578141796181489,
            0.35755500565043535,
            0.3599139704391039,
            0.35992554109130676,
            0.35909640368139384,
            0.35893511544062134,
            0.36002948171430077,
            0.35859837714328235,
            0.35791777320788953,
            0.35991720410342615,
            0.3595887334023047,
            0.35887838873755534,
            0.35947890406472444,
            0.3607795365550118,
            0.3592373359708342,
            0.3574127778957968,
            0.35557886249067083,
            0.35373544429300713
        ]
    },