{
    "\"fitted_parameters\"": {
        "[\"B2\", \"MX\"]": [
            -0.22287264413111763,
            0.21514643809468298,
            2.4451239646007004,
            -4.593543470315654,
            3.878021675622141e-44
        ],
        "[\"B2\", \"MY\"]": [
            -0.15242181524811727,
            0.24078805360911076,
            2.429742927453211,
            -1.9053994615405818,
            1.838410333617365e-34
        ]
    },
    "\"detuning\"": {
        "\"B2\"": [
            -0.00021701701230036896,
            -0.00026880991049421654,
            -0.00032060280868811963,
            -0.00037239570688174517,
            -0.0005360192396083319,
            0.0009591354354568926,
            -0.0004173908581213692,
            0.027346433701523676,
            0.10597771835565051,
            0.2065593907377262,
            0.32125774809650587,
            0.42557508246274606,
            0.5089475985190657,
            0.5342224681165991,
            0.53641101883971,
            0.542456162812909,
            0.5454508966598229,
            0.5570995284099882,
            0.5579841476173035,
            0.5787810248261529,
            0.5721669922377355,
            0.5774472640555073,
            0.57721225790486,
            0.5774563347024109,
            0.584996924393145,
            0.5727721720801591,
            0.5852689035238616,
            0.5672077089019826,
            0.572698088761613,
            0.5842653397492132,
            0.586311413224721,
            0.5963417988747749,
            0.5918240414527796,
            0.5969553787635407,
            0.5852919250245764,
            0.5829355263380899,
            0.598403835691073,
            0.587640700186415,
            0.5966464475711954,
            0.610981242584475,
            0.605431484341199,
            0.6178845057789788,
            0.6024448148625795,
            0.6131025549834104,
            0.6099321086098848,
            0.6041391009157269,
            0.6127322500238368,
            0.5977321116394867,
            0.6076311338625955,
            0.5977661312366971,
            0.5934812843128099,
            0.610384714532199,
            0.5920621484514068,
            0.5987265083224165,
            0.6233844331401264,
            0.6071342172820605,
            0.6263181402705065,
            0.6518801234962908,
            0.6490188638050702,
            0.6282487470257019,
            0.60369206888657,
            0.619083898841889,
            0.5963817516442429,
            0.5899310993460544,
            0.6148310166477469,
            0.5988796955671069,
            0.6071780584396399,
            0.6143906346818767,
            0.6008160100288183,
            0.6170876213497978,
            0.5633740210894262,
            0.47375672912668804,
            0.4349162258760071,
            0.3772224048554911,
            0.31808932411691,
            0.31680891673646105,
            0.36589365814703717,
            0.4264966439215438,
            0.4652452646798685,
            0.5533217228280429,
            0.618719760536804,
            0.5963266712199403,
            0.6149769265553019,
            0.617061760153463,
            0.6038976437191979,
            0.6243941584174193,
            0.5824018107701076,
            0.4878424633688928,
            0.3369913648214993,
            0.19900178296043408,
            0.10121057132001704,
            0.10164392272164102,
            0.17598837272513035,
            0.32560886944443646,
            0.48463969122802875,
            0.5699867321493548,
            0.6318697258983308,
            0.6937527196473059,
            0.7556357133962811
        ]
    },
    "\"amplitude\"": {
        "\"B2\"": [
            0.0018318571175080611,
            0.0018318571175080611,
            0.0018318571175080611,
            0.0018318571175080605,
            0.0018318571175080607,
            0.02271675710472331,
            0.0018318571175080607,
            0.11073747795336075,
            0.216082819121274,
            0.30091350331168343,
            0.3748036241959231,
            0.43110057538800883,
            0.4712648837854882,
            0.482778840714498,
            0.48376289331551914,
            0.4864706297761815,
            0.48780644053790034,
            0.49296780103611737,
            0.4933575503264805,
            0.5024329119464737,
            0.4995646189125757,
            0.5018558272607812,
            0.5017540769911166,
            0.5018597541505125,
            0.5051136472021129,
            0.49982775257926576,
            0.50523061784404,
            0.4974030468028001,
            0.4997955484410521,
            0.5047988780452457,
            0.5056787206727901,
            0.5099698990364235,
            0.508041623983178,
            0.5102312238931643,
            0.5052405175020696,
            0.5042262119359218,
            0.5108475923076727,
            0.5062495118226473,
            0.5100996662972989,
            0.5161686603189041,
            0.5138275657990857,
            0.5190659260587961,
            0.512563235996568,
            0.517060698735313,
            0.5157269140757932,
            0.5132808520866929,
            0.5169050921675626,
            0.5105618433969792,
            0.5147567380699658,
            0.510576319065368,
            0.5087498223538122,
            0.5159175339712677,
            0.5081434364459444,
            0.5109847990232423,
            0.5213626545197205,
            0.5145469786338038,
            0.5225836060242319,
            0.5331032783070142,
            0.5319361432788992,
            0.5233855274103666,
            0.5130916091667727,
            0.5195676522794906,
            0.5099869190883477,
            0.5072314888882065,
            0.5177863982219785,
            0.5110499242948282,
            0.5145654884037693,
            0.5176015995511467,
            0.5118724026339584,
            0.5187323066747418,
            0.495725597868383,
            0.454746470596928,
            0.43578558284193064,
            0.405982288065003,
            0.37296011655722855,
            0.37221252436823166,
            0.3998680914772233,
            0.4315650512430031,
            0.45065994121945663,
            0.49129986675798404,
            0.519415378537797,
            0.5099634544414929,
            0.5178476121932497,
            0.5187214761568107,
            0.5131786442501665,
            0.5217832059980642,
            0.5039961909150261,
            0.46142950583506864,
            0.38382627267804115,
            0.29539241436442343,
            0.21121084626926873,
            0.21165840101780967,
            0.27790114975054,
            0.37732052048482634,
            0.4599185014883296,
            0.49861548097718195,
            0.5248862678301369,
            0.5498992473139332,
            0.5738194547343669
        ]
    },