{
    "\"fitted_parameters\"": {
        "[\"B4\", \"MX\"]": [
            -0.9847036936473333,
            0.0016391988303399898,
            2.4507305422874226,
            -4.210358608135418,
            4.656431872529804e-25
        ],
        "[\"B4\", \"MY\"]": [
            -0.985261375615704,
            0.001802714044829622,
            1.9925166402816985,
            -3.7350773615084156,
            0.001694723028283157
        ]
    },
    "\"detuning\"": {
        "\"B4\"": [
            -0.00019979128335217977,
            -8.527190513674121e-05,
            2.924747307869735e-05,
            0.00014376685129424693,
            0.00012123372554606604,
            0.00016349316189018248,
            0.0001100896831249254,
            8.17585162567469e-05,
            -5.631098599206963e-05,
            -4.533693776614944e-05,
            -5.6557307081872565e-05,
            -0.00015800005485488988,
            -0.00013270594048675477,
            -5.918348002564855e-05,
            -2.8018742408431052e-05,
            -0.00011530095561718134,
            3.663894944389012e-05,
            0.00011587827756576186,
            0.00012428500178701674,
            0.00015495476909938022,
            7.321604877214005e-05,
            2.52443677895009e-05,
            -7.34217596246034e-05,
            -9.336492969508337e-05,
            -7.333326135028351e-05,
            -7.888288703616908e-05,
            7.320643643643487e-05,
            -5.560812636640211e-06,
            2.712693719653103e-08,
            -1.6761505370388452e-05,
            8.445953749436352e-06,
            -9.568059700781895e-05,
            -2.5072365450629075e-05,
            8.591137912794533e-06,
            9.864272808013386e-05,
            9.017473960265532e-05,
            3.3704469970474715e-05,
            -2.56791750330998e-05,
            -0.00018328462282302116,
            -5.629105210325225e-05,
            -9.858964817915927e-05,
            0.0001235153726459326,
            0.00013506640326138575,
            4.5082483839276044e-05,
            2.7597242311383496e-06,
            -5.789275009493444e-06,
            -8.720450459237528e-05,
            -0.0001714444758160183,
            -6.19364461116878e-05,
            8.568367371342145e-06,
            -3.9241980623772044e-05,
            5.656421334188089e-05,
            0.00021405428114823488,
            4.223231565564367e-05,
            -0.00011550777636498699,
            3.9740080298611424e-05,
            1.4288309432730628e-05,
            8.512707432406508e-06,
            2.5245409009777564e-05,
            0.00013494185221180066,
            4.7665050878831217e-05,
            -0.00014386452784492798,
            -7.316222119047033e-05,
            -8.159383316136415e-05,
            -8.440318108426936e-06,
            -2.5360002048002706e-05,
            3.081532614601645e-05,
            1.3828644630453635e-05,
            -3.096863055312982e-05,
            -4.221297046219652e-05,
            -4.216828299857811e-05,
            -9.059633056601735e-05,
            -4.534717736942584e-05,
            1.397022403237802e-05,
            -9.887759865151446e-05,
            -2.246808218325791e-05,
            0.00010558624506790126,
            0.00023364057232028168,
            0.0003616948995726621
        ]
    },
    "\"amplitude\"": {
        "\"B4\"": [
            -0.00018163306070088432,
            -0.00018163306070088437,
            -0.00018163306070088442,
            -0.00018163306070088448,
            -0.0001816330607008847,
            -0.00018163306070088442,
            -0.00018163306070088426,
            -0.00018163306070088432,
            -0.00018163306070088442,
            -0.00018163306070088448,
            -0.00018163306070088445,
            -0.00018163306070088445,
            -0.00018163306070088442,
            -0.00018163306070088437,
            -0.00018163306070088437,
            -0.00018163306070088442,
            -0.00018163306070088442,
            -0.00018163306070088448,
            -0.0001816330607008847,
            -0.00018163306070088432,
            -0.00018163306070088448,
            -0.00018163306070088442,
            -0.00018163306070088442,
            -0.0001816330607008844,
            -0.0001816330607008844,
            -0.00018163306070088442,
            -0.00018163306070088434,
            -0.00018163306070088437,
            -0.00018163306070088442,
            -0.00018163306070088437,
            -0.0001816330607008844,
            -0.0001816330607008844,
            -0.00018163306070088437,
            -0.00018163306070088437,
            -0.00018163306070088437,
            -0.00018163306070088426,
            -0.0001816330607008844,
            -0.00018163306070088437,
            -0.0001816330607008844,
            -0.00018163306070088434,
            -0.00018163306070088445,
            -0.00018163306070088448,
            -0.00018163306070088426,
            -0.00018163306070088442,
            -0.00018163306070088448,
            -0.00018163306070088437,
            -0.0001816330607008844,
            -0.00018163306070088442,
            -0.00018163306070088442,
            -0.00018163306070088437,
            -0.00018163306070088442,
            -0.00018163306070088442,
            -0.00018163306070088442,
            -0.00018163306070088437,
            -0.00018163306070088434,
            -0.00018163306070088442,
            -0.00018163306070088437,
            -0.0001816330607008844,
            -0.0001816330607008844,
            -0.00018163306070088448,
            -0.00018163306070088442,
            -0.0001816330607008844,
            -0.00018163306070088437,
            -0.00018163306070088442,
            -0.00018163306070088434,
            -0.00018163306070088437,
            -0.00018163306070088442,
            -0.00018163306070088442,
            -0.00018163306070088442,
            -0.00018163306070088442,
            -0.00018163306070088442,
            -0.00018163306070088437,
            -0.00018163306070088442,
            -0.00018163306070088437,
            -0.00018163306070088445,
            -0.00018163306070088437,
            -0.00018163306070088448,
            -0.00018163306070088442,
            0.004771709203470883
        ]
    },