{
    "\"amplitude\"": {
        "1": [
            0.07774081747292547,
            0.07371904433671482
        ],
        "2": [
            0.08652717082610568,
            0.06714658537886192
        ]
    },
    "\"length\"": {
        "1": 40,
        "2": 40
    },
    "\"fitted_parameters\"": {
        "1": [
            0.40782187273042825,
            0.5218774423231622,
            0.18107135324899473,
            3.585574926799181
        ],
        "2": [
            0.44820730601652614,
            0.4733965862200241,
            0.18266504468922823,
            3.3068837967764555
        ]
    },
    "\"rx90\"": true,
    "\"frequency\"": {
        "1": 4818258099.0,
        "2": 5521872640.0
    },
    "\"chi2\"": {
        "1": [
            1756.12660261552,
            0.4714045207910317
        ],
        "2": [
            1011.3558100813025,
            0.4714045207910317
        ]
    }
}