{
    "\"fitted_parameters\"": {
        "[\"B4\", \"MX\"]": [
            0.01632872033817978,
            0.5781323732820323,
            1.7403785015359632,
            -3.2144271369558837,
            1.2119222922949848e-46
        ],
        "[\"B4\", \"MY\"]": [
            0.004311623603019732,
            0.5877189459422824,
            1.7403087835859867,
            -1.550459574779209,
            2.1907435816180514e-36
        ]
    },
    "\"detuning\"": {
        "\"B4\"": [
            0.6108721639261394,
            0.6161955066542479,
            0.6215188493823565,
            0.6268421921104648,
            0.6315597296880776,
            0.6390682030196879,
            0.6447095340371336,
            0.6521340900173577,
            0.6588946014366245,
            0.6667962227450883,
            0.6677166558096614,
            0.6635039132401974,
            0.6615450173447759,
            0.662642554915246,
            0.6642892028090893,
            0.6677796407971315,
            0.6752071316829757,
            0.6830891004719737,
            0.6912613294938602,
            0.6956034209614173,
            0.703682338155863,
            0.7062761893632682,
            0.7074174393873057,
            0.711756351979613,
            0.7096599114330571,
            0.7151526203969105,
            0.7120111781063021,
            0.711630895676064,
            0.7119580281626914,
            0.7092091305125889,
            0.7120756445724181,
            0.7101852441962786,
            0.7176709315204644,
            0.7183177755689425,
            0.7194807891382966,
            0.7211682955763492,
            0.720148527188905,
            0.7222550623415567,
            0.7214761146652015,
            0.7249560532316088,
            0.7232046736960667,
            0.7249239260877143,
            0.7242080498561416,
            0.7238496609545055,
            0.7243355623198899,
            0.7242996843747341,
            0.7266733818089537,
            0.7251603593070248,
            0.727373761887369,
            0.7256070593981041,
            0.7276399705797931,
            0.7252496065247582,
            0.7255764599415503,
            0.7262201680946825,
            0.7273598977738231,
            0.7276963064934618,
            0.7269462504372866,
            0.7289802904081973,
            0.7266935499475122,
            0.7263697172787753,
            0.7263395309517313,
            0.7289298418742708,
            0.7286893532928691,
            0.7295843073344148,
            0.7315707609861278,
            0.7312373879869047,
            0.7291747666412463,
            0.7290541235578958,
            0.7301899258004443,
            0.7300544220267882,
            0.7302631018232434,
            0.7320561190987911,
            0.7331553328802207,
            0.7324469921845131,
            0.7318265815206912,
            0.7320374822593088,
            0.7315050575320914,
            0.7309726328048678,
            0.7304402080776442
        ]
    },
    "\"amplitude\"": {
        "\"B4\"": [
            0.4712012169840193,
            0.4732283460013078,
            0.47524671527692997,
            0.4772564373981274,
            0.4790303114401538,
            0.48183998235142866,
            0.48394009851301945,
            0.4866900732725805,
            0.4891804751973971,
            0.4920750568338601,
            0.492411116370846,
            0.49087109376595045,
            0.49015332501784864,
            0.4905556102058753,
            0.49115853733963455,
            0.49243410434491225,
            0.49513737836648664,
            0.49798981305824963,
            0.5009299276177739,
            0.5024849924503072,
            0.5053654630633683,
            0.5062867609225257,
            0.5066915789944219,
            0.5082276753601681,
            0.5074860644475152,
            0.5094267781520453,
            0.5083177448497799,
            0.5081833263052195,
            0.508298960086329,
            0.5073264584083533,
            0.508340528264299,
            0.507672002645113,
            0.5103140637942382,
            0.510541716749461,
            0.5109507742901469,
            0.5115437188350749,
            0.5111854827804588,
            0.5119252115707054,
            0.5116518032099425,
            0.512872108882763,
            0.5122583226011891,
            0.5128608563381721,
            0.5126100555595031,
            0.5124844505780812,
            0.51265473749065,
            0.5126421658171587,
            0.5134732406417324,
            0.512943661318497,
            0.5137181965134172,
            0.5131000702365544,
            0.5138112712201985,
            0.512974914467108,
            0.5130893575901014,
            0.5133146674293427,
            0.5137133487273984,
            0.5138309657923003,
            0.5135686897023725,
            0.5142796290516661,
            0.5134802960426894,
            0.5133669981014425,
            0.5133564356516986,
            0.5142620082676028,
            0.5141780014423363,
            0.5144905540869098,
            0.5151836149880605,
            0.5150673691996043,
            0.5143475504562268,
            0.5143054165685219,
            0.5147019505562719,
            0.5146546594001608,
            0.5147274873427731,
            0.5153528099151263,
            0.5157357860973227,
            0.5154890266824775,
            0.5152728005540455,
            0.5153463141857748,
            0.5151607065653863,
            0.5149750312403506,
            0.514789288136525
        ]
    },