{
    "\"length\"": {
        "4": [
            26.405314404758336,
            0.06499537642984309
        ]
    },
    "\"amplitude\"": {
        "4": [
            0.2,
            0
        ]
    },
    "\"fitted_parameters\"": {
        "4": [
            0.41794740968466154,
            0.4033791433146403,
            52.26501814460318,
            -3.1743887094884067,
            0.0003988624158199707
        ]
    },
    "\"rx90\"": true,
    "\"chi2\"": {
        "4": [
            24.146282743659356,
            0.11180339887498948
        ]
    }
}