{
    "\"amplitude\"": {
        "[\"B2\", \"B4\"]": -0.476,
        "[\"B1\", \"B3\"]": -0.45499999999999996,
        "[\"B1\", \"B2\"]": -0.46199999999999997
    },
    "\"duration\"": {
        "[\"B2\", \"B4\"]": 63,
        "[\"B1\", \"B3\"]": 83,
        "[\"B1\", \"B2\"]": 93
    },
    "\"native\"": "CZ"
}