{
    "\"amplitude\"": {
        "0": 0.08703659813262224
    },
    "\"length\"": {
        "0": 40
    },
    "\"fitted_parameters\"": {
        "0": [
            0.00606567885804,
            1.7459778364456286e-05,
            0.1259268037347555,
            -7.48433032622757
        ]
    },
    "\"rx90\"": false,
    "\"frequency\"": {
        "0": 4777414153.0
    }
}