{
    "\"nshots\"": 5000,
    "\"savedir\"": " ",
    "\"qubit_frequencies\"": {
        "0": 4775447312.870618,
        "1": 4818240860.279988,
        "2": 5522206797.065333,
        "3": 6334870824.378065,
        "4": 6244030250.614023
    },
    "\"classifiers_list\"": [
        "qubit_fit"
    ]
}