{
    "\"fitted_parameters\"": {
        "[\"B4\", \"MX\"]": [
            -0.03106328631554567,
            0.6436232151809331,
            1.5983682882937331,
            -1.3232449054891937,
            9.640855047601356e-35
        ],
        "[\"B4\", \"MY\"]": [
            0.05957992621324526,
            0.6592783987328761,
            1.595906595053448,
            -2.7920261580850267,
            9.258370514528671e-37
        ]
    },
    "\"detuning\"": {
        "\"B4\"": [
            -0.003519003581998692,
            -0.002629405618376268,
            -0.0017398076547537888,
            -0.0008502096911311985,
            0.00033425163809430725,
            0.0008131566175306748,
            0.00046273605151375685,
            0.01510117101247141,
            0.05112404129685649,
            0.09495774216577124,
            0.13926086712525382,
            0.18105685148541567,
            0.21524603323675484,
            0.22543323195597442,
            0.22425868027658027,
            0.22718856917505287,
            0.23264794028235578,
            0.23488247167378082,
            0.23350975601417298,
            0.23553747592307803,
            0.2394854610606444,
            0.2399086976605001,
            0.23608758664538787,
            0.2346097848472952,
            0.23650177067688477,
            0.2410616087265046,
            0.24045228474334274,
            0.24162789648003924,
            0.2472556041985152,
            0.2534825734913081,
            0.25233547833078396,
            0.2494903491992431,
            0.25256781534232614,
            0.2562541191430267,
            0.2536871033765987,
            0.2513349172485322,
            0.2554245042373195,
            0.2582741894471752,
            0.25598824578693524,
            0.25255741136581306,
            0.25689299246698505,
            0.25898712395459433,
            0.2558119542924322,
            0.2539118617600912,
            0.2576780228834979,
            0.259655932807316,
            0.255950233268702,
            0.2548034177091638,
            0.26067546529660374,
            0.26041430839357843,
            0.25660816749300597,
            0.2546112687567148,
            0.25892787416570034,
            0.260446076112993,
            0.2563585977061574,
            0.25758698067361824,
            0.261745252258255,
            0.2620231195889452,
            0.2560979109298507,
            0.25666930290506107,
            0.26182874275316464,
            0.26132802893776025,
            0.2561460365108696,
            0.2583811702883133,
            0.2629538721958146,
            0.26011094424412234,
            0.25587672426299357,
            0.2598732481084694,
            0.26408613019412375,
            0.2615205508998641,
            0.25811140873329347,
            0.26175315974779095,
            0.26315980228807007,
            0.2586019367833694,
            0.2567904843776419,
            0.2620098510154457,
            0.2630993166246017,
            0.26418878223375786,
            0.265278247842914
        ]
    },
    "\"amplitude\"": {
        "\"B4\"": [
            -0.006450154679396639,
            -0.0013206972847038562,
            0.012420593195699686,
            0.019739517284317942,
            0.027090941474751048,
            0.029640645821370517,
            0.027793635515287983,
            0.07478672896266789,
            0.1348081624031132,
            0.18382344309279455,
            0.22295821013348016,
            0.25455348664484473,
            0.27779901850802696,
            0.2843663064642428,
            0.2836167024182574,
            0.2854829827025046,
            0.28892903762755373,
            0.29032797429451906,
            0.2894693640204955,
            0.29073679407678016,
            0.2931891094249334,
            0.2934508153649141,
            0.29107971073996897,
            0.29015761115474253,
            0.29133763564812576,
            0.2941625557328791,
            0.2937866046963176,
            0.294511532505032,
            0.2979578837045475,
            0.3017263047304378,
            0.30103557896083233,
            0.29931564395060384,
            0.3011756064341757,
            0.30338884202507416,
            0.3018493002688046,
            0.3004318195368817,
            0.3028921268520564,
            0.3045950011473554,
            0.30322974247252726,
            0.30116933741226287,
            0.30377081246988746,
            0.3050195704542901,
            0.30312420393882467,
            0.30198440379851543,
            0.3042395244716104,
            0.30541733644907115,
            0.30320698896871257,
            0.30251974114301416,
            0.306022716846391,
            0.3058677582795545,
            0.3036005790612147,
            0.30240444319034787,
            0.3049843078605899,
            0.30588661189900523,
            0.3034513400100801,
            0.3041852028616155,
            0.3066566790201241,
            0.3068211349751902,
            0.30329537638229276,
            0.3036371261834398,
            0.30670610199865994,
            0.30640958278371394,
            0.3033241748545076,
            0.3046587477092276,
            0.30737137367317385,
            0.30568765928030994,
            0.3031629832613946,
            0.30554647294397896,
            0.30803943963643365,
            0.3065236261836476,
            0.30449798010299084,
            0.3066613602668762,
            0.307492984332191,
            0.3047902543383718,
            0.30370955647865955,
            0.3068132839244817,
            0.3074572698089634,
            0.3080999372485903,
            0.30874129430819036
        ]
    },