{
    "\"fitted_parameters\"": {
        "[\"B2\", \"MX\"]": [
            0.0581988047765879,
            0.8665453668236512,
            2.6179066177146413,
            -0.8385928573471748,
            4.827991962840035e-16
        ],
        "[\"B4\", \"MX\"]": [
            0.08832842857531265,
            0.7983390527027973,
            1.8748869846780747,
            -0.8333972116960822,
            9.737216163700686e-14
        ],
        "[\"B2\", \"MY\"]": [
            0.050461008925219764,
            0.8708501555813467,
            2.6148190323339744,
            -5.205404438583328,
            0.0005290109658771512
        ],
        "[\"B4\", \"MY\"]": [
            0.06422821655610544,
            0.8106936904570468,
            1.8708977291578515,
            0.9520193076623362,
            1.270136992725757e-14
        ]
    },
    "\"detuning\"": {
        "\"B2\"": [
            0.6014943227237389,
            0.594574378642688,
            0.5876544345616372,
            0.5807344904805862,
            0.577836025980705,
            0.5802166405096519,
            0.5835317998266982,
            0.5911922928176898,
            0.5922816471297405,
            0.5938984579689587,
            0.5870220892429256,
            0.5857828633115522,
            0.5830490817563073,
            0.5808730866923182,
            0.5826382913924802,
            0.5742096147406348,
            0.5676219275775642,
            0.5634047853017574,
            0.5716086195301592,
            0.5806482180963058,
            0.5813859747929024,
            0.583865633664059,
            0.5775487405687822,
            0.5753289501889369,
            0.577104083503335,
            0.5806148562633626,
            0.5882878136452752,
            0.5842719546553039,
            0.5836216710905453,
            0.5757945798990483,
            0.5734332126887288,
            0.5796982648015048,
            0.5821808406523905,
            0.5872559182571256,
            0.5822493594382303,
            0.5816897438810139,
            0.581300771035971,
            0.5824606156283825,
            0.5886111820093313,
            0.5858563803316094,
            0.5859371681204653,
            0.5818668701574139,
            0.5792041195207243,
            0.5828550749993701,
            0.5826694974690452,
            0.5871375278710469,
            0.5841573702277092,
            0.5840086795426782,
            0.5860466560623734,
            0.5860819015139203,
            0.5910751046458389,
            0.5875022610147984,
            0.5884692061922558,
            0.5855923895052149,
            0.584049933310084,
            0.5876001174687216,
            0.5862455936896265,
            0.588673015190248,
            0.5846149675397749,
            0.5849196632458667,
            0.5858995800270164,
            0.585489710508905,
            0.5904120955015381,
            0.5873846230534121,
            0.5884021052629774,
            0.5880791829476263,
            0.5889708337341159,
            0.592345260848617,
            0.5889970458653788,
            0.5906665971061656,
            0.5864560740309268,
            0.585845797643751,
            0.590866448766348,
            0.5899214917640669,
            0.5927701188182585,
            0.5882605139099308,
            0.583152510391703,
            0.5780445068734728,
            0.5729365033552425
        ],
        "\"B4\"": [
            0.7134626961368868,
            0.7138193955583956,
            0.7141760949799043,
            0.7145327944014128,
            0.7135303933647961,
            0.7177813153669791,
            0.7111569433237711,
            0.7110766070895169,
            0.7205554372344322,
            0.7166010657820951,
            0.7130647505847252,
            0.7050691838369614,
            0.6960944973185681,
            0.684120934955577,
            0.6818290087267778,
            0.6900891124011056,
            0.6871583644054025,
            0.6959505294464249,
            0.7084634656057418,
            0.7099030608415966,
            0.7096669284803501,
            0.7104041176608363,
            0.7138508233178957,
            0.7089512654772434,
            0.7070189720829583,
            0.7136672883749021,
            0.7081546159705092,
            0.7062813443797002,
            0.7085261662943843,
            0.7063806218942281,
            0.702794868586852,
            0.7030359801774243,
            0.7076913326212996,
            0.701213430385881,
            0.7013894132797317,
            0.7065279809608115,
            0.7011311512392897,
            0.6988142072453578,
            0.7034377247948826,
            0.7028298969077975,
            0.6974798345438984,
            0.7008892557026747,
            0.7045844177974294,
            0.6976990975361468,
            0.6975780853301612,
            0.7025702381895635,
            0.7001759603396681,
            0.6968692434061619,
            0.7009031710298148,
            0.7032419091922426,
            0.6964801149775517,
            0.6979293157119821,
            0.7015506224102864,
            0.6978201437210201,
            0.6967567605818217,
            0.6996092327518664,
            0.6995366314683549,
            0.6959840537481228,
            0.6992494444629478,
            0.6992895817760402,
            0.6946417392287184,
            0.6975583245910282,
            0.6996103483707322,
            0.6959205529525613,
            0.6968658573716173,
            0.7024458041809154,
            0.6982089522137453,
            0.6950841977273929,
            0.7010615988134365,
            0.7014506953631863,
            0.6958993446572905,
            0.699161449971835,
            0.7038872660346226,
            0.6981973885802093,
            0.697439498206879,
            0.7026646644571681,
            0.7033738287561719,
            0.7040829930551723,
            0.7047921573541728
        ]
    },