{
    "\"amplitude\"": {
        "3": [
            0.11972440373350977,
            0.09980419296529068
        ],
        "4": [
            0.1305370226489837,
            0.13218596722907067
        ]
    },
    "\"length\"": {
        "3": 40,
        "4": 40
    },
    "\"fitted_parameters\"": {
        "3": [
            0.5563575328708222,
            0.41083719056836143,
            0.2552899857127532,
            3.3365338263195357
        ],
        "4": [
            0.4228574542162743,
            0.5446458965513644,
            0.2817637523953378,
            3.372277513758836
        ]
    },
    "\"rx90\"": true,
    "\"frequency\"": {
        "3": 6333817374.0,
        "4": 6243006985.0
    },
    "\"chi2\"": {
        "3": [
            1546.050737743592,
            0.408248290463863
        ],
        "4": [
            2339.9757508033563,
            0.408248290463863
        ]
    }
}