{
    "\"fitted_parameters\"": {
        "[\"B4\", \"MX\"]": [
            0.07742778397249106,
            0.6801579541223686,
            2.191982751429063,
            0.898482385889225,
            1.972814644548789e-35
        ],
        "[\"B4\", \"MY\"]": [
            0.06781689588518403,
            0.6628438837125368,
            2.199441790153531,
            -1.245229657020197,
            7.279428607763419e-41
        ]
    },
    "\"detuning\"": {
        "\"B4\"": [
            0.2966410415577505,
            0.2990381550149763,
            0.30143526847220214,
            0.3038323819294279,
            0.3104201321168687,
            0.3137478214509229,
            0.3124881044144939,
            0.31674235231063275,
            0.3239159165679906,
            0.3259088029682037,
            0.3273822210793582,
            0.3280650694223331,
            0.32263629631766755,
            0.3226428415280846,
            0.32572043460561645,
            0.32510059609133507,
            0.32962234424653436,
            0.3380503224174242,
            0.33769376910511195,
            0.3400879460297038,
            0.3466514768049859,
            0.34210840394133113,
            0.3419245270619681,
            0.34868798166571463,
            0.3467550359804742,
            0.34511731218748515,
            0.3512248325523275,
            0.3501085818286175,
            0.3443245350188329,
            0.3449043431307039,
            0.3477601350025531,
            0.34470485970735015,
            0.3454265520789694,
            0.35188848296195846,
            0.3500116141468914,
            0.3494955251861156,
            0.3521335842949664,
            0.352576061779776,
            0.3507829737111777,
            0.3536260744215695,
            0.35503305010570757,
            0.3516867725179982,
            0.35205595998088385,
            0.3542309183902835,
            0.3517576229787036,
            0.3500092311407613,
            0.3542637636736265,
            0.3557292093620869,
            0.3531820931995457,
            0.35547460488928934,
            0.3595070210494613,
            0.35497843580804284,
            0.3528537953561665,
            0.35595068955932146,
            0.3557074946362701,
            0.3513957139857527,
            0.3536965493027412,
            0.35563077225677275,
            0.3518501023691411,
            0.35118857000830594,
            0.3552132220786806,
            0.3543840605033902,
            0.3520980595076154,
            0.3566550165227357,
            0.35820508700096604,
            0.3558505009292689,
            0.3563274994084061,
            0.36107586078525034,
            0.35719671987964996,
            0.3536809260068288,
            0.35600518676190696,
            0.35668604771755763,
            0.3522739246526348,
            0.3527729058783114,
            0.3580748741445535,
            0.3562060767215495,
            0.3527901645348591,
            0.3493742523481687,
            0.34595834016147825
        ]
    },
    "\"amplitude\"": {
        "\"B4\"": [
            0.32811021735732565,
            0.32943529965080065,
            0.3307550763104191,
            0.33206961056169965,
            0.3356557156395088,
            0.33745269621655144,
            0.3367735655327599,
            0.3390616315889339,
            0.34288523742198934,
            0.3439399318370482,
            0.34471763451769677,
            0.3450774629275485,
            0.34220631177065447,
            0.3422097878757036,
            0.3438403800990676,
            0.343512594988416,
            0.3458966727567024,
            0.350297017609146,
            0.3501119768003633,
            0.35135261623694397,
            0.35473153406066504,
            0.35239620154263557,
            0.35230135522242395,
            0.3557734107046086,
            0.3547845887727711,
            0.35394463048305563,
            0.3570670145660654,
            0.3564983883530167,
            0.35353731325282833,
            0.353835256156428,
            0.3552991027019085,
            0.3537327769759572,
            0.35410338642441835,
            0.357404654294948,
            0.35644894951241124,
            0.3561857068648148,
            0.3575292718131571,
            0.35775413194816436,
            0.3568420367609863,
            0.3582871674409645,
            0.3590001739262118,
            0.35730206553489,
            0.3574898097760128,
            0.35859385502952484,
            0.3573381030216272,
            0.35644773445369354,
            0.35861050180503257,
            0.3593524403951384,
            0.3580618785992902,
            0.3592236469628426,
            0.36125808002603416,
            0.3589725237000476,
            0.3578951996749891,
            0.3594644401717918,
            0.35934145765071307,
            0.3571539829450647,
            0.35832291540272737,
            0.35930265077640594,
            0.35738513641581954,
            0.35704855638743627,
            0.35909137663105173,
            0.3586714645232683,
            0.3575112125419811,
            0.3598203779506446,
            0.3606024827860393,
            0.35941378035052574,
            0.35965490811270334,
            0.36204650295745633,
            0.36009389323541824,
            0.3583149908868885,
            0.35949199338169047,
            0.35983605174218547,
            0.3576006058903696,
            0.35785411965269065,
            0.3605368477221255,
            0.3595935429969808,
            0.35786288492116847,
            0.356123820737585,
            0.3543762267533719
        ]
    },