{
    "\"fitted_parameters\"": {
        "[\"B2\", \"MX\"]": [
            0.06432822339601807,
            0.8786347441484526,
            2.616073103471223,
            -0.9020266277749496,
            0.000347667798083752
        ],
        "[\"B4\", \"MX\"]": [
            0.09346799078918089,
            0.7941051362545726,
            1.875035984992569,
            -0.9143307947713241,
            1.1430593811017853e-16
        ],
        "[\"B2\", \"MY\"]": [
            0.06036333839611363,
            0.8641854291622755,
            2.6124407109991887,
            -5.196128414734956,
            0.0003244937107315758
        ],
        "[\"B4\", \"MY\"]": [
            0.08379453782088075,
            0.795896558818169,
            1.871196341893915,
            0.9436890056348421,
            2.907323532667854e-16
        ]
    },
    "\"detuning\"": {
        "\"B2\"": [
            0.6053002198330372,
            0.5978238490085015,
            0.5903474781839657,
            0.58287110735943,
            0.5796131012965712,
            0.5820209147199269,
            0.5850539069273978,
            0.5928966556831352,
            0.5918265301371253,
            0.5937454608744146,
            0.5864115362829438,
            0.5851282317145954,
            0.5846386589850994,
            0.5828470249169452,
            0.5841622256461518,
            0.573253618464068,
            0.5669585150631553,
            0.5636274004339871,
            0.5720728783016896,
            0.581400049289549,
            0.5814101550673284,
            0.5841573961051265,
            0.5755681132767977,
            0.5750826452981125,
            0.5793055881312077,
            0.5829422818023162,
            0.5903492383508454,
            0.5846732442641571,
            0.5826980372764964,
            0.573565311981839,
            0.5727369213144057,
            0.5804181506354238,
            0.5824238765671467,
            0.5876851829390218,
            0.5817479043600483,
            0.5809174094516703,
            0.581668267126425,
            0.5843932490297036,
            0.5918819285237976,
            0.5865342824614413,
            0.5849035257730628,
            0.5784094686225618,
            0.577094135260159,
            0.5834226511950702,
            0.5849371840106807,
            0.5901842247789828,
            0.5846522635207602,
            0.5845386390368941,
            0.5866429415120179,
            0.586686996895519,
            0.5920754242102104,
            0.5877854661377558,
            0.5876980055320002,
            0.5841556528143573,
            0.5842331675874434,
            0.5902539945285913,
            0.5879011116180833,
            0.5895927057914149,
            0.5839143559830386,
            0.5832050247233946,
            0.5868697778093851,
            0.5866863442494487,
            0.592169715553528,
            0.5877518311829104,
            0.5877872417060501,
            0.5884000056576681,
            0.5880323132284253,
            0.5926586832380135,
            0.5881294643247552,
            0.5897226668652537,
            0.5870631896138324,
            0.5874163377609503,
            0.5913060891275427,
            0.5892655954644651,
            0.5918835343558974,
            0.5879498330365603,
            0.5859093853702279,
            0.5838689377038933,
            0.5818284900375588
        ],
        "\"B4\"": [
            0.7130234925794967,
            0.713714807655891,
            0.7144061227322852,
            0.7150974378086793,
            0.7141666576287344,
            0.719464251912719,
            0.7120638431124271,
            0.7105006489119121,
            0.7206268459004147,
            0.7170523363225909,
            0.7130429561789402,
            0.7044090492909303,
            0.6954798057303245,
            0.6842811669867344,
            0.6818974576650727,
            0.6883726155599128,
            0.687469189472893,
            0.6974401865351838,
            0.7119431905839424,
            0.708909393331431,
            0.7103087138609647,
            0.7134154232560342,
            0.7150717984118105,
            0.7081351953552273,
            0.7077749888997711,
            0.7169123102757478,
            0.7060072228371388,
            0.7041406260309485,
            0.7076354956008668,
            0.705646015251221,
            0.7014319225977926,
            0.7022017142553827,
            0.709546009892179,
            0.7014969538421736,
            0.7009593147132974,
            0.7083459530491105,
            0.7006599842064682,
            0.6997216585606345,
            0.7031150501880961,
            0.7038843011688276,
            0.6994345026008416,
            0.6996013934642888,
            0.7064337273064267,
            0.6975690838546356,
            0.6969648335286396,
            0.7029695805025393,
            0.6978245936550496,
            0.6961226749040473,
            0.6991953865984487,
            0.7012857610743446,
            0.6962873541413203,
            0.6979320674615384,
            0.705114738048175,
            0.6981473086176313,
            0.6963913497847496,
            0.7025112398184379,
            0.6979480504072435,
            0.6937338990980932,
            0.6968162644162463,
            0.6974386248525948,
            0.6921695061478927,
            0.6940753296005766,
            0.7014097368649355,
            0.6973802972581835,
            0.6976447949768313,
            0.7032061253128961,
            0.6979577900686165,
            0.6944607303692658,
            0.6986856113624098,
            0.7001490259510483,
            0.6958685884763516,
            0.699202827452228,
            0.7037186330948559,
            0.6982724302774208,
            0.6987866848847055,
            0.703978109878938,
            0.7053368451575213,
            0.7066955804361017,
            0.708054315714682
        ]
    },