{
    "single_qubits": {
        "0": {
            "resonator": {
                "bare_frequency": 7203310200.0,
                "dressed_frequency": 7202797579.0,
                "depletion_time": null,
                "bare_frequency_amplitude": null
            },
            "qubit": {
                "frequency_01": 4768288843.0,
                "frequency_12": null,
                "maximum_frequency": null,
                "asymmetry": null,
                "sweetspot": 0.342,
                "flux_coefficients": null
            },
            "readout": {
                "fidelity": 0.03428115865001327,
                "coupling": null,
                "effective_temperature": -0.03214445864112108,
                "ground_state": [
                    -0.0042139305091411445,
                    0.002479202825060687
                ],
                "excited_state": [
                    -0.004168722614222247,
                    0.00247028529339099
                ],
                "qudits_frequency": {}
            },
            "t1": [
                47299.22535447803,
                2495.5495197484324
            ],
            "t2": [
                11062.26402485454,
                377.82528816342733
            ],
            "t2_spin_echo": [
                21217.0,
                null
            ],
            "rb_fidelity": [
                0.0,
                null
            ]
        },
        "1": {
            "resonator": {
                "bare_frequency": 7400000000.0,
                "dressed_frequency": 7335680370.0,
                "depletion_time": null,
                "bare_frequency_amplitude": null
            },
            "qubit": {
                "frequency_01": 4813610914.0,
                "frequency_12": null,
                "maximum_frequency": null,
                "asymmetry": null,
                "sweetspot": 0.408,
                "flux_coefficients": null
            },
            "readout": {
                "fidelity": 0.06138719107095403,
                "coupling": null,
                "effective_temperature": -0.9777384240864068,
                "ground_state": [
                    -0.003739460837220584,
                    0.0005419454144815854
                ],
                "excited_state": [
                    -0.0037230306242870075,
                    0.0006358662183111157
                ],
                "qudits_frequency": {}
            },
            "t1": [
                37105.71109255304,
                1207.6926086304939
            ],
            "t2": [
                23177.87615925842,
                693.2217221464523
            ],
            "t2_spin_echo": [
                0.0,
                null
            ],
            "rb_fidelity": [
                0.0,
                null
            ]
        },
        "2": {
            "resonator": {
                "bare_frequency": 7488602714.0,
                "dressed_frequency": 7495827724.0,
                "depletion_time": null,
                "bare_frequency_amplitude": null
            },
            "qubit": {
                "frequency_01": 5518116808.0,
                "frequency_12": null,
                "maximum_frequency": null,
                "asymmetry": null,
                "sweetspot": 0.589,
                "flux_coefficients": [
                    60.60370787641982,
                    -0.028527152480155128,
                    0.00030016721829152526
                ]
            },
            "readout": {
                "fidelity": 0.020462397023651324,
                "coupling": null,
                "effective_temperature": -0.061633512365918096,
                "ground_state": [
                    0.00236848978625283,
                    0.005722685714304878
                ],
                "excited_state": [
                    0.002395183119230881,
                    0.005676352172701909
                ],
                "qudits_frequency": {}
            },
            "t1": [
                31917.54639403597,
                912.143413866002
            ],
            "t2": [
                9017.850370904544,
                249.302456635688
            ],
            "t2_spin_echo": [
                0.0,
                null
            ],
            "rb_fidelity": [
                0.0,
                null
            ]
        },
        "3": {
            "resonator": {
                "bare_frequency": 7667554261.0,
                "dressed_frequency": 7660581126.0,
                "depletion_time": null,
                "bare_frequency_amplitude": null
            },
            "qubit": {
                "frequency_01": 6333083967.0,
                "frequency_12": null,
                "maximum_frequency": null,
                "asymmetry": null,
                "sweetspot": 0.624,
                "flux_coefficients": [
                    62.264266752260575,
                    -0.04758161300178534,
                    0.0004063229934912003
                ]
            },
            "readout": {
                "fidelity": 0.8936739333957469,
                "coupling": null,
                "effective_temperature": 0.016894418091340423,
                "ground_state": [
                    -0.000019527248276622153,
                    0.003055879490918719
                ],
                "excited_state": [
                    -0.0008090589211931582,
                    0.001918103486116165
                ],
                "qudits_frequency": {}
            },
            "t1": [
                30845.953277678345,
                779.9910956317988
            ],
            "t2": [
                26129.26712143675,
                1141.2399823582005
            ],
            "t2_spin_echo": [
                24769.0,
                null
            ],
            "rb_fidelity": [
                0.0,
                null
            ]
        },
        "4": {
            "resonator": {
                "bare_frequency": 8000000000.0,
                "dressed_frequency": 7793642218.0,
                "depletion_time": null,
                "bare_frequency_amplitude": null
            },
            "qubit": {
                "frequency_01": 6239164926.0,
                "frequency_12": null,
                "maximum_frequency": null,
                "asymmetry": null,
                "sweetspot": 0.023,
                "flux_coefficients": [
                    69.82678788195469,
                    -0.03465251296265737,
                    0.0003602023870738302
                ]
            },
            "readout": {
                "fidelity": 0.014881743289928306,
                "coupling": null,
                "effective_temperature": 0.14727236243870812,
                "ground_state": [
                    -0.00011424116385566828,
                    -0.005927406437844556
                ],
                "excited_state": [
                    -0.0001070541434867123,
                    -0.005932735663809233
                ],
                "qudits_frequency": {}
            },
            "t1": [
                33683.61088624057,
                931.943560843745
            ],
            "t2": [
                3389.576278677567,
                102.65556364551624
            ],
            "t2_spin_echo": [
                0.0,
                null
            ],
            "rb_fidelity": [
                0.0,
                null
            ]
        }
    },
    "two_qubits": {
        "0-2": {
            "rb_fidelity": [
                0.0,
                null
            ],
            "cz_fidelity": [
                0.0,
                null
            ],
            "coupling": null
        },
        "2-0": {
            "rb_fidelity": [
                0.0,
                null
            ],
            "cz_fidelity": [
                0.0,
                null
            ],