{
    "\"length\"": {
        "3": [
            23.81551249386051,
            0.04751445459413331
        ]
    },
    "\"amplitude\"": {
        "3": [
            0.2,
            0
        ]
    },
    "\"fitted_parameters\"": {
        "3": [
            0.5867480108620913,
            0.27379143971050585,
            48.38063367456358,
            -3.092916872294894,
            8.207432379432674e-06
        ]
    },
    "\"rx90\"": true,
    "\"chi2\"": {
        "3": [
            6.4893477959665145,
            0.11180339887498948
        ]
    }
}