{
    "\"fitted_parameters\"": {
        "[\"B4\", \"MX\"]": [
            -0.09345727183677766,
            0.5907453868436929,
            0.35448316084273135,
            -2.661615214210882,
            4.0783912345566464e-19
        ],
        "[\"B4\", \"MY\"]": [
            0.1497426950345352,
            0.40526972198080086,
            0.39329035965524156,
            -0.4657209769153291,
            2.913635832991058e-35
        ]
    },
    "\"detuning\"": {
        "\"B4\"": [
            -0.003881275192659628,
            -0.0027553024369020296,
            -0.0016293296811444175,
            -0.0005033569253868608,
            -0.0008323847594391559,
            3.675586093758454e-05,
            -4.9792970895690125e-05,
            0.05619825987441712,
            0.08275500537878978,
            0.08118269370482126,
            0.05996712904356465,
            0.024755729568321234,
            -0.02200833860365818,
            -0.08685039484707471,
            -0.08395915274149979,
            -0.07259318653481114,
            -0.06291341890125049,
            -0.05136264928245875,
            -0.03681516609487637,
            -0.022833725466484434,
            -0.021203687955743247,
            -0.02796614733432401,
            -0.030588704510963072,
            -0.031516464432454566,
            -0.028378383194421236,
            -0.021195483320669048,
            -0.01092443390671037,
            -0.0010044349525560048,
            0.009341592726125093,
            0.019185752167973205,
            0.02562972497289727,
            0.029179645026685845,
            0.030965971377959575,
            0.03273328158220426,
            0.03513878723238491,
            0.03924606421256269,
            0.043859949948072866,
            0.04819475161846832,
            0.05216449701786339,
            0.05486954451990573,
            0.055457062501974984,
            0.05561572410854729,
            0.05369293434400908,
            0.050606448733322006,
            0.047460154657135614,
            0.045436096435977014,
            0.045516128215446684,
            0.04763187823115363,
            0.049437009048129754,
            0.050503739814909424,
            0.051354593341992584,
            0.05159564004621023,
            0.04981497010272229,
            0.04975541974373938,
            0.05214361231051347,
            0.05647221396240059,
            0.062092365058001135,
            0.06653495730411554,
            0.07001123968704018,
            0.06974762263185898,
            0.06678260102928599,
            0.06339162871951892,
            0.059888107825403054,
            0.058073955593854705,
            0.05600041664139932,
            0.05515815538910956,
            0.05386046878861547,
            0.053366551219159994,
            0.055591424021379385,
            0.05704743388826831,
            0.05716701647465185,
            0.059317400280543234,
            0.0655471773422602,
            0.06873290440271637,
            0.07069839090842411,
            0.07338041984220312,
            0.07410027506240183,
            0.07482013028260096,
            0.07553998550280008
        ]
    },
    "\"amplitude\"": {
        "\"B4\"": [
            -0.006450154679396639,
            -0.0064501546793966375,
            0.01347625424147131,
            0.022089028356851777,
            0.019865373379561815,
            0.02540446533301482,
            0.024896794696909582,
            0.14131668214237583,
            0.17153921441714193,
            0.16989418044550395,
            0.14597110979743314,
            0.09443885016438464,
            -0.006450154679396639,
            -0.006450154679396639,
            -0.006450154679396638,
            -0.00645015467939664,
            -0.006450154679396638,
            -0.006450154679396636,
            -0.006450154679396639,
            -0.006450154679396639,
            -0.006450154679396639,
            -0.00645015467939664,
            -0.006450154679396638,
            -0.0064501546793966375,
            -0.006450154679396638,
            -0.006450154679396638,
            -0.006450154679396638,
            0.01862421821069707,
            0.060364718106615575,
            0.08362579402008229,
            0.0960320431609426,
            0.10226339257969838,
            0.10526764313799065,
            0.10816244336788629,
            0.11198895283514995,
            0.11825141430481513,
            0.1249307860317592,
            0.13091053538182235,
            0.13616692799346627,
            0.13964041198523974,
            0.1403839683260147,
            0.1405841238835489,
            0.13813981057498356,
            0.1341273294556394,
            0.1299156317483449,
            0.1271360130696781,
            0.12724701723630658,
            0.13014885506909038,
            0.13257679123513616,
            0.13399183533974218,
            0.13511037275176307,
            0.13542565126445216,
            0.1330798072540174,
            0.13300067404465526,
            0.13613978130358798,
            0.1416599359644637,
            0.1485340839446516,
            0.15375933999131336,
            0.15773211458348757,
            0.15743422170388907,
            0.15404560610876983,
            0.15008029034262027,
            0.14587498092842915,
            0.1436511453564088,
            0.1410682955848443,
            0.14000614648268717,
            0.13835442675653306,
            0.1377207874467971,
            0.14055348639326468,
            0.14237808792723028,
            0.1425269500292444,
            0.14517890893081042,
            0.15261238061866653,
            0.15628247929199385,
            0.15850608137457303,
            0.16149283479942417,
            0.16228547904722138,
            0.1630744171772036,
            0.16385970069369635
        ]
    },