{
    "\"length\"": {
        "0": [
            29.93768198548248,
            0.2233551846183057
        ]
    },
    "\"amplitude\"": {
        "0": [
            0.22,
            0
        ]
    },
    "\"fitted_parameters\"": {
        "0": [
            0.4145602127903213,
            0.3194540595595818,
            57.236495240883514,
            -3.2864346915468983,
            0.0013785272119962383
        ]
    },
    "\"rx90\"": true,
    "\"chi2\"": {
        "0": [
            41.506131419567154,
            0.1270001270001905
        ]
    }
}