{
    "\"fitted_parameters\"": {
        "[\"B4\", \"MX\"]": [
            0.08738673858073653,
            2.009512866382569,
            0.19441618067012473,
            -2.9091314144670255,
            0.13827654976919498
        ],
        "[\"B4\", \"MY\"]": [
            0.06792632963595979,
            0.6153460401688577,
            1.4901179376458185,
            -0.3856844748712298,
            4.605782398131256e-39
        ]
    },
    "\"detuning\"": {
        "\"B4\"": [
            0.008278181331197815,
            0.005687199578634644,
            0.003096217826071501,
            0.0005052360735084416,
            -0.0002862761805591252,
            -0.001822823456226197,
            -0.0014910112088457605,
            0.013979271752486783,
            0.05161051353189311,
            0.09528819721646167,
            0.13881260472967705,
            0.17921513905068498,
            0.21206551058712783,
            0.22293301781815883,
            0.22124472977142132,
            0.2243762917812582,
            0.22897202990048635,
            0.2315982761259557,
            0.23020958907187766,
            0.23145670011406572,
            0.23442503969227896,
            0.23601084919034107,
            0.23381155264843026,
            0.23121256627426393,
            0.23308957160377838,
            0.2388310460705339,
            0.23908331334095903,
            0.23745176908579968,
            0.24026909248647857,
            0.2480332935446514,
            0.2484295709416178,
            0.2451288538430694,
            0.24651864008040794,
            0.25246627778846753,
            0.25300280914938644,
            0.24709133848739326,
            0.24955496786258533,
            0.2520185972377778,
            0.25448222661297026
        ]
    },
    "\"amplitude\"": {
        "\"B4\"": [
            0.05161939938398196,
            0.04081153644126644,
            0.025120326239712085,
            0.003641951755188123,
            0.0036419517551881243,
            0.003641951755188124,
            0.003641951755188123,
            0.06941985380543318,
            0.13665506668173358,
            0.185866546560149,
            0.22424267018332064,
            0.2546693069151636,
            0.27692282123752177,
            0.2838959858422143,
            0.2828241186711613,
            0.2848090578004733,
            0.2876969509788627,
            0.2893341378110467,
            0.2884696106913771,
            0.2892461194632352,
            0.2910859061808233,
            0.2920639866233526,
            0.29070663152283344,
            0.28909427676999366,
            0.2902596400035624,
            0.2937952554124955,
            0.2939496147398569,
            0.2929498361730513,
            0.29467408197090517,
            0.29937386995805865,
            0.2996117409420874,
            0.2976245650079326,
            0.2984629095888717,
            0.30202402570088877,
            0.30234318328848225,
            0.2988076790218495,
            0.30028623596874165,
            0.30175745983936353,
            0.3032214586711328
        ]
    },
    "\"step_response\"": {
        "\"B4\"": [
            0.17206466461327322,
            0.13603845480422147,
            0.08373442079904028,
            0.01213983918396041,
            0.012139839183960414,
            0.012139839183960414,
            0.01213983918396041,
            0.2313995126847773,
            0.45551688893911196,
            0.6195551552004968,
            0.7474755672777355,
            0.848897689717212,
            0.9230760707917393,
            0.9463199528073811,
            0.9427470622372044,
            0.9493635260015776,
            0.9589898365962091,
            0.9644471260368225,
            0.9615653689712571,
            0.9641537315441173,
            0.9702863539360778,
            0.973546622077842,
            0.9690221050761115,
            0.9636475892333123,
            0.967532133345208,
            0.9793175180416518,
            0.9798320491328565,
            0.9764994539101711,
            0.9822469399030173,
            0.9979128998601955,
            0.9987058031402914,
            0.9920818833597754,
            0.9948763652962391,
            1.0067467523362958,
            1.0078106109616076,
            0.9960255967394984,
            1.0009541198958056,
            1.0058581994645452,
            1.0107381955704429
        ]
    }
}