{
    "\"amplitude\"": {
        "0": 0.015432336926169724
    },
    "\"length\"": {
        "0": 40
    },
    "\"fitted_parameters\"": {
        "0": [
            71.52787333532198,
            12.619514884019646,
            0.029675012843094418,
            3.0156472898365254
        ]
    },
    "\"pihalf_pulse\"": false
}