{
    "\"fitted_parameters\"": {
        "[\"B2\", \"MX\"]": [
            0.07782511338566611,
            0.6096841161325832,
            2.488059022895658,
            -2.845888284310796,
            8.205469207593112e-65
        ],
        "[\"B4\", \"MX\"]": [
            0.07630814043504608,
            1.3150953582590965,
            4.15011486726593,
            -3.9366430706157036,
            0.07489367971870976
        ],
        "[\"B2\", \"MY\"]": [
            0.07390029910697116,
            0.9149861240067787,
            2.596790489124832,
            -3.640197152400099,
            0.030895286305034703
        ],
        "[\"B4\", \"MY\"]": [
            0.052873140883665126,
            0.5891743492645273,
            1.7244265610887435,
            -1.5542642582613575,
            8.036883560059807e-38
        ]
    },
    "\"detuning\"": {
        "\"B2\"": [
            0.5202026818061818,
            0.530075745950787,
            0.5399488100953921,
            0.5498218742399972,
            0.5606298353886809,
            0.562361101752127,
            0.5645221779879818,
            0.5576718792087169,
            0.5640631699151123,
            0.5856629459843923,
            0.589969641834829,
            0.595625973061238,
            0.5870665717927772,
            0.5811848741059363,
            0.5681066229688831,
            0.5654071622787963,
            0.5802876909460049,
            0.5854429780967321,
            0.591941894072147,
            0.5846062825657532,
            0.587093469586251,
            0.5914287301676125,
            0.5939071898945165,
            0.6006888005678556,
            0.5955520064297164,
            0.59776514647983,
            0.5999440821199324,
            0.5981374239087173,
            0.6032268293383187,
            0.599743447509369,
            0.6011713214825432,
            0.597949857602354,
            0.5962247232497961,
            0.6046512022364634,
            0.6004975845209464,
            0.6040745984655881,
            0.6063616920232018,
            0.6051278437210869,
            0.6082360484622684,
            0.6044011684539087,
            0.6081408978996323,
            0.6081668422072497,
            0.6032807190356466,
            0.6070605395341635,
            0.6040742180543576,
            0.6054747364491022,
            0.6038004942482419,
            0.602683899743237,
            0.6094658495428967,
            0.6086898671332821,
            0.6103222355122471,
            0.6104474767420838,
            0.6069182212131949,
            0.610074358909297,
            0.6113254985218208,
            0.6105222751290726,
            0.6107170531967058,
            0.6062953302917489,
            0.6104937831571313,
            0.6109774003605943,
            0.6077379637983699,
            0.610673913321662,
            0.6082842590059887,
            0.6132977145920129,
            0.6125518721490741,
            0.6085897061067995,
            0.61162076954025,
            0.6114108520422341,
            0.6137697725868726,
            0.6122698359165937,
            0.6083961330613695,
            0.6128299303494643,
            0.6178884488515557,
            0.6170186993210149,
            0.6147431562741941,
            0.6099926872651875,
            0.6026593379164452,
            0.5953259885676994,
            0.5879926392189535
        ],
        "\"B4\"": [
            0.6008382080786543,
            0.6105375632666559,
            0.6202369184546574,
            0.6299362736426588,
            0.6371326433486345,
            0.6422482269383539,
            0.6499393298179974,
            0.657555430285611,
            0.6615299510799815,
            0.6732635260345592,
            0.6729669145307645,
            0.6658576754583218,
            0.6612336303009803,
            0.659844243942487,
            0.6584852295481994,
            0.6646251678319903,
            0.6746689421707022,
            0.6840861814449977,
            0.6949625111698933,
            0.6997590926806421,
            0.7047024555007356,
            0.7056696123017454,
            0.71256612511128,
            0.7108825242179104,
            0.7101603605953573,
            0.718829525305013,
            0.7122525764355296,
            0.7142003480756558,
            0.7149146877993682,
            0.7180573438005955,
            0.7157048507097239,
            0.714706330668492,
            0.7237314481286365,
            0.7188871174805739,
            0.7201936144900218,
            0.7215635718265115,
            0.7271983671963413,
            0.7241112135809304,
            0.7235775030402838,
            0.728084540746589,
            0.7265349783407344,
            0.7249292684881758,
            0.7227769547862933,
            0.7293785483197468,
            0.7246937597834855,
            0.7242828650816948,
            0.7263463427523125,
            0.7309427589810839,
            0.7265005993976015,
            0.726210952677146,
            0.731499088986873,
            0.729641563557951,
            0.7267441744595131,
            0.7279803991295661,
            0.7346991072389049,
            0.7290688192118702,
            0.7287701993423705,
            0.7299558484969112,
            0.7330183992181325,
            0.7269609238911503,
            0.7271261528128059,
            0.7325395710988412,
            0.7319787865991502,
            0.7292534673667369,
            0.7301492440920865,
            0.7358092517251036,
            0.7313057117221213,
            0.730035663736902,
            0.7338147820678753,
            0.7383147295058139,
            0.7318565610030843,
            0.7314842913616781,
            0.7354488906216607,
            0.7367051633455161,
            0.7314489844035634,
            0.7318311902097538,
            0.7319101580903393,
            0.7319891259709227,
            0.7320680938515061
        ]
    },