{
    "\"amplitude\"": {
        "0": 0.006829000672122715,
        "1": 0.007212944140577237,
        "2": 0.009814487031968777,
        "3": 0.012361880189200793,
        "4": 0.0033370353425422506
    },
    "\"length\"": {
        "0": 50,
        "1": 50,
        "2": 50,
        "3": 50,
        "4": 50
    },
    "\"fitted_parameters\"": {
        "0": [
            0.006091701422608666,
            2.069594346554473e-06,
            0.01331014276112527,
            -47.2059948562743
        ],
        "1": [
            0.004977124504333426,
            1.6561507362369453e-05,
            0.01687037379262232,
            -37.243900961621385
        ],
        "2": [
            0.005799807938086948,
            2.0029734423569798e-05,
            0.016684686794178186,
            -35.1119048588646
        ],
        "3": [
            0.004708450343833161,
            1.4891467345927525e-05,
            0.04912276546013976,
            -11.005958972187132
        ],
        "4": [
            0.009201618853328524,
            2.6861302011714745e-05,
            0.011524127648116677,
            -52.08490099166535
        ]
    },
    "\"rx90\"": false,
    "\"frequency\"": {
        "0": 4809414153.0,
        "1": 4793258099.0,
        "2": 5493872640.0,
        "3": 6354817374.0,
        "4": 6281006985.0
    }
}