{
    "\"fitted_parameters\"": {
        "[\"B4\", \"MX\"]": [
            -0.9846665392050407,
            0.013397484561945412,
            1.5500207127461254,
            -4.315606987409179,
            0.24285635283402762
        ],
        "[\"B4\", \"MY\"]": [
            -0.9863390375177281,
            0.0045497791822198975,
            0.3286758649885775,
            0.39671310370025126,
            0.02431725276589794
        ]
    },
    "\"detuning\"": {
        "\"B4\"": [
            9.238369471128299e-05,
            9.072590565595284e-05,
            8.906811660062963e-05,
            8.741032754539663e-05,
            8.184432030938771e-05,
            1.699625575927316e-05,
            8.183532866370968e-05,
            -1.4229791974261496e-05,
            5.3209611320610695e-05,
            4.193750150534997e-05,
            -5.92321887490227e-06,
            2.228532974937053e-05,
            3.3594341758681756e-05,
            4.5136829925199184e-05,
            -0.00011793363360956127,
            -0.00012335282322792351,
            -6.727180392018806e-05,
            -0.00016309536737477148,
            -1.3878382971281578e-05,
            3.355690313493892e-05,
            9.551934566825321e-05,
            -2.2994705813142446e-05,
            -2.8376927063158974e-05,
            -3.1049624659655606e-05,
            -0.0001263516016773089,
            -2.4834700213006988e-05,
            -8.166828779805624e-06,
            0.00012418692380016666,
            5.903228956823797e-05,
            0.00018051929929979726,
            0.0002566153374200103,
            0.00022016490029969776,
            0.00016362180998853032,
            2.5286799993480547e-05,
            -2.0092482621490715e-05,
            -0.00017246253145013907,
            -0.0003022859600030764,
            -0.00011612838694818883,
            2.8044010605868253e-05,
            3.0973534999367835e-05,
            2.26479105292568e-05,
            -2.7750259523270926e-05,
            3.426498166315267e-05,
            -0.00010442466723004085,
            -7.631487037687568e-05,
            3.388456604369594e-05,
            5.338517424828548e-05,
            7.598803351025613e-05,
            1.1330858735059124e-05,
            7.322543453289199e-05,
            0.00017197531426649953,
            7.633600920633338e-05,
            7.64139182837173e-05,
            -1.1183280174048571e-05,
            -0.00011548034241810196,
            -7.31499460251972e-05,
            -4.7811413685538984e-05,
            7.610780041737708e-05,
            9.003376266211727e-05,
            0.0001489070849613472,
            -3.4908674499678494e-07,
            -0.0001664716698030408,
            -0.000160634364603153,
            -0.00011265547644469243,
            -0.0001433569198520182,
            -7.01955368078086e-05,
            4.7726869074657396e-05,
            -2.5270804031016225e-05,
            -0.00010651250755656233,
            -2.2209198662942464e-05,
            0.0001750735699210318,
            0.00013276327081765404,
            0.00013523579776237443,
            0.00021420113620472525,
            0.00012379830297792882,
            -5.6439977870081925e-05,
            -0.00012448104278432737,
            -0.00019252210769758055,
            -0.0002605631726108337
        ]
    },
    "\"amplitude\"": {
        "\"B4\"": [
            -0.00018163306070088442,
            -0.00018163306070088426,
            -0.00018163306070088448,
            -0.00018163306070088437,
            -0.00018163306070088448,
            -0.00018163306070088437,
            -0.00018163306070088442,
            -0.00018163306070088442,
            -0.00018163306070088442,
            -0.00018163306070088445,
            -0.00018163306070088437,
            -0.00018163306070088437,
            -0.0001816330607008844,
            -0.00018163306070088445,
            -0.0001816330607008844,
            -0.00018163306070088442,
            -0.00018163306070088437,
            -0.00018163306070088432,
            -0.0001816330607008844,
            -0.00018163306070088432,
            -0.00018163306070088432,
            -0.00018163306070088437,
            -0.0001816330607008844,
            -0.00018163306070088442,
            -0.00018163306070088437,
            -0.00018163306070088442,
            -0.00018163306070088437,
            -0.00018163306070088426,
            -0.00018163306070088442,
            -0.0001816330607008844,
            -0.00018163306070088437,
            -0.00018163306070088442,
            -0.00018163306070088442,
            -0.00018163306070088442,
            -0.00018163306070088437,
            -0.00018163306070088437,
            -0.00018163306070088448,
            -0.00018163306070088442,
            -0.00018163306070088432,
            -0.00018163306070088437,
            -0.00018163306070088442,
            -0.0001816330607008844,
            -0.00018163306070088437,
            -0.00018163306070088445,
            -0.0001816330607008844,
            -0.00018163306070088432,
            -0.00018163306070088442,
            -0.0001816330607008844,
            -0.0001816330607008844,
            -0.00018163306070088434,
            -0.00018163306070088434,
            -0.00018163306070088442,
            -0.0001816330607008844,
            -0.00018163306070088434,
            -0.0001816330607008844,
            -0.00018163306070088437,
            -0.0001816330607008844,
            -0.0001816330607008844,
            -0.00018163306070088437,
            -0.00018163306070088448,
            -0.0001816330607008844,
            -0.0001816330607008844,
            -0.0001816330607008844,
            -0.00018163306070088442,
            -0.00018163306070088442,
            -0.0001816330607008844,
            -0.00018163306070088445,
            -0.00018163306070088437,
            -0.00018163306070088442,
            -0.00018163306070088437,
            -0.00018163306070088437,
            -0.00018163306070088448,
            -0.00018163306070088426,
            -0.00018163306070088442,
            -0.00018163306070088426,
            -0.00018163306070088432,
            -0.0001816330607008844,
            -0.0001816330607008844,
            -0.00018163306070088437
        ]
    },