{
    "\"length\"": {
        "0": [
            65.75401705013577,
            0.47670497110991983
        ],
        "1": [
            31.263961317127762,
            0.09005771854860611
        ]
    },
    "\"amplitude\"": {
        "0": [
            0.2,
            0
        ],
        "1": [
            0.2,
            0
        ]
    },
    "\"fitted_parameters\"": {
        "0": [
            0.40925269811708903,
            0.3492670391463403,
            121.44174096477511,
            -3.4019989382174955,
            0.00025362591200916415
        ],
        "1": [
            0.41820067562582075,
            0.3732336020680095,
            60.7955435508569,
            -3.2311128566139677,
            0.0001301928061066669
        ]
    },
    "\"rx90\"": false,
    "\"chi2\"": {
        "0": [
            20.448088541038704,
            0.11180339887498948
        ],
        "1": [
            23.910851032076497,
            0.11180339887498948
        ]
    }
}