{
    "\"amplitude\"": {
        "0": [
            0.3452616812336896,
            5.2505289231043255
        ]
    },
    "\"length\"": {
        "0": 40
    },
    "\"fitted_parameters\"": {
        "0": [
            0.5745283337184134,
            0.44199999999241607,
            0.6728860486273431,
            3.0592469790109442
        ]
    },
    "\"rx90\"": false,
    "\"frequency\"": {
        "0": 4775414153.0
    },
    "\"chi2\"": {
        "0": [
            347.9850932757266,
            0.2
        ]
    }
}