{
    "single_qubits": {
        "0": {
            "resonator": {
                "bare_frequency": 7203310200.0,
                "dressed_frequency": 7205746354.0,
                "depletion_time": null,
                "bare_frequency_amplitude": null
            },
            "qubit": {
                "frequency_01": 4775447312.870618,
                "frequency_12": 4768288843.0,
                "maximum_frequency": 4775470005.0,
                "asymmetry": null,
                "sweetspot": 0.4443210024136402,
                "flux_coefficients": null
            },
            "readout": {
                "fidelity": 0.03242094073877222,
                "coupling": 29615571.52648537,
                "effective_temperature": -0.5843611932850935,
                "ground_state": [
                    6.105807620572444e-9,
                    -4.981611305805397e-7
                ],
                "excited_state": [
                    3.7519207287113494e-8,
                    -6.743141732379347e-8
                ],
                "qudits_frequency": {
                    "1": 7205024565.148687
                }
            },
            "t1": [
                17943.689360098204,
                563.4332332231081
            ],
            "t2": [
                11661.751470016907,
                837.8392603772085
            ],
            "t2_spin_echo": [
                21217.0,
                null
            ],
            "rb_fidelity": [
                0.0,
                null
            ]
        },
        "1": {
            "resonator": {
                "bare_frequency": 7400000000.0,
                "dressed_frequency": 7338809691.0,
                "depletion_time": null,
                "bare_frequency_amplitude": null
            },
            "qubit": {
                "frequency_01": 4818240860.279988,
                "frequency_12": null,
                "maximum_frequency": 4818244476.0,
                "asymmetry": null,
                "sweetspot": 0.38145591555038083,
                "flux_coefficients": null
            },
            "readout": {
                "fidelity": 0.013553016210470337,
                "coupling": 31190820.298773628,
                "effective_temperature": 0.0833716461072198,
                "ground_state": [
                    -5.333634790711968e-8,
                    1.8970270765507192e-7
                ],
                "excited_state": [
                    -1.4707818330363838e-7,
                    1.7129207525423096e-7
                ],
                "qudits_frequency": {
                    "1": 7338037748.727771
                }
            },
            "t1": [
                39225.887676753395,
                1520.5995346589632
            ],
            "t2": [
                5254.484062903938,
                366.9431214382005
            ],
            "t2_spin_echo": [
                0.0,
                null
            ],
            "rb_fidelity": [
                0.0,
                null
            ]
        },
        "2": {
            "resonator": {
                "bare_frequency": 7488602714.0,
                "dressed_frequency": 7500270640.0,
                "depletion_time": null,
                "bare_frequency_amplitude": null
            },
            "qubit": {
                "frequency_01": 5522206797.065333,
                "frequency_12": null,
                "maximum_frequency": 5520823737.0,
                "asymmetry": null,
                "sweetspot": 0.5309495877153305,
                "flux_coefficients": [
                    -59.52892007354071,
                    0.012156049478242488,
                    -0.0001111289929954913
                ]
            },
            "readout": {
                "fidelity": 0.021259633271326073,
                "coupling": 18737570.65615571,
                "effective_temperature": 0.05216746718765131,
                "ground_state": [
                    -3.7041467589301033e-7,
                    -5.197303321293276e-7
                ],
                "excited_state": [
                    -6.539552588111823e-7,
                    -1.3384216648449518e-7
                ],
                "qudits_frequency": {
                    "1": 7499915650.477788
                }
            },
            "t1": [
                27228.730951167418,
                512.1949023084995
            ],
            "t2": [
                13949.223281442719,
                863.5550063994327
            ],
            "t2_spin_echo": [
                0.0,
                null
            ],
            "rb_fidelity": [
                0.0,
                null
            ]
        },
        "3": {
            "resonator": {
                "bare_frequency": 7667554261.0,
                "dressed_frequency": 7663829185.0,
                "depletion_time": null,
                "bare_frequency_amplitude": null
            },
            "qubit": {
                "frequency_01": 6334870824.378065,
                "frequency_12": null,
                "maximum_frequency": 6334869221.0,
                "asymmetry": null,
                "sweetspot": 0.795890450870034,
                "flux_coefficients": [
                    -63.16784985899634,
                    -0.16862749839062832,
                    0.00009668521332065189
                ]
            },
            "readout": {
                "fidelity": 0.033749667818230134,
                "coupling": 19309412.929541454,
                "effective_temperature": -0.0374660719837214,
                "ground_state": [
                    3.840099419059682e-7,
                    -2.7100116229803766e-7
                ],
                "excited_state": [
                    -3.8794794996273257e-7,
                    -2.903627677702568e-7
                ],
                "qudits_frequency": {
                    "1": 7663268064.440386
                }
            },
            "t1": [
                33210.329793340185,
                1030.7944105550346
            ],
            "t2": [
                8444.407473842874,
                747.8759910391087
            ],
            "t2_spin_echo": [
                24769.0,
                null
            ],
            "rb_fidelity": [
                0.0,
                null
            ]
        },
        "4": {
            "resonator": {
                "bare_frequency": 8000000000.0,
                "dressed_frequency": 7796580709.0,
                "depletion_time": null,
                "bare_frequency_amplitude": null
            },
            "qubit": {
                "frequency_01": 6244030250.614023,
                "frequency_12": null,
                "maximum_frequency": 6244070274.0,
                "asymmetry": null,
                "sweetspot": -0.08205572824198029,
                "flux_coefficients": [
                    -69.88332254077011,
                    0.01339390938980912,
                    9.621176249569164e-6
                ]
            },
            "readout": {
                "fidelity": 0.015944724953494638,
                "coupling": 21186542.198195282,
                "effective_temperature": 0.09462878117674005,
                "ground_state": [
                    -3.0259186327696674e-7,
                    -3.6788363172180487e-7
                ],
                "excited_state": [
                    -1.5111630690911968e-7,
                    -2.2378768212548793e-7
                ],
                "qudits_frequency": {
                    "1": 7796002474.318002
                }
            },
            "t1": [
                35268.20189993534,
                1097.3303590309936
            ],
            "t2": [
                13678.277437472008,
                934.9675322778049
            ],
            "t2_spin_echo": [
                0.0,
                null
            ],