{
    "\"amplitude\"": {
        "1": [
            0.4290158694385944,
            10.984802517585265
        ],
        "2": [
            0.5401194217056755,
            95.73185754607277
        ]
    },
    "\"length\"": {
        "1": 40,
        "2": 40
    },
    "\"fitted_parameters\"": {
        "1": [
            0.35200000002239396,
            0.5710114444034927,
            0.6580317388771888,
            -0.9548453267468063
        ],
        "2": [
            0.5500000000203669,
            0.3286516305935141,
            0.880238843411351,
            -0.7138045945381377
        ]
    },
    "\"rx90\"": false,
    "\"frequency\"": {
        "1": 4816258099.0,
        "2": 5522872640.0
    },
    "\"chi2\"": {
        "1": [
            1937.6381121419297,
            0.3651483716701107
        ],
        "2": [
            1272.4337354042393,
            0.3651483716701107
        ]
    }
}