{
    "\"amplitude\"": {
        "3": [
            0.9198432514418281,
            73.48626163204115
        ],
        "4": [
            0.26624630332501553,
            0.1305269343283359
        ]
    },
    "\"length\"": {
        "3": 40,
        "4": 40
    },
    "\"fitted_parameters\"": {
        "3": [
            0.5300000000189774,
            0.3857947846798219,
            1.5996865028836562,
            -0.47133124865552906
        ],
        "4": [
            0.5185702479940729,
            0.45018423420826265,
            0.5142265409284196,
            3.0299987677950284
        ]
    },
    "\"rx90\"": false,
    "\"frequency\"": {
        "3": 6337817374.0,
        "4": 6242006985.0
    },
    "\"chi2\"": {
        "3": [
            722.139454319611,
            0.2773500981126146
        ],
        "4": [
            2000.3454414674948,
            0.2773500981126146
        ]
    }
}