{
    "\"amplitude\"": {
        "0": [
            0.3202837997878669,
            0.3028780240815657
        ],
        "1": [
            0.15000000000000002,
            0.005493961089862859
        ],
        "2": [
            0.15,
            0.016066243252538775
        ],
        "3": [
            0.7827107982910213,
            3.17011247415995
        ],
        "4": [
            0.8066407789051174,
            5.123265767091249
        ]
    },
    "\"length\"": {
        "0": 40,
        "1": 40,
        "2": 40,
        "3": 40,
        "4": 40
    },
    "\"fitted_parameters\"": {
        "0": [
            0.4200000000000629,
            0.5063498003550921,
            0.7106585410067063,
            3.451442143853863
        ],
        "1": [
            0.49214927018978316,
            0.47118501189657863,
            0.3179830083628275,
            -2.963925025206204
        ],
        "2": [
            0.49201917677654966,
            0.47738891406622536,
            0.3800979354916436,
            -2.4795656805077755
        ],
        "3": [
            0.26279512822795514,
            0.7219999999998741,
            1.2654215965820976,
            -0.7447935127884626
        ],
        "4": [
            0.1496820191431005,
            0.7959999999782212,
            1.3132815578107193,
            -0.7176509793121251
        ]
    },
    "\"rx90\"": false,
    "\"frequency\"": {
        "0": 4776414153.0,
        "1": 4818258099.0,
        "2": 5520872640.0,
        "3": 6331817374.0,
        "4": 6246006985.0
    },
    "\"chi2\"": {
        "0": [
            1507.1956840568516,
            0.254000254000381
        ],
        "1": [
            2727.7186513086867,
            0.254000254000381
        ],
        "2": [
            1780.1348222119789,
            0.254000254000381
        ],
        "3": [
            955.599942607401,
            0.254000254000381
        ],
        "4": [
            1612.6795495530175,
            0.254000254000381
        ]
    }
}