{
    "\"frequency\"": {
        "0": 5199393225.476554
    },
    "\"fitted_parameters\"": {
        "0": [
            5199393225.476554,
            668728.7761184429,
            -15881472.716992231,
            3.1129818978566153,
            75.14488745011855,
            2.504306516533847,
            -9.166859779754167e-11
        ]
    },
    "\"bare_frequency\"": {},
    "\"error_fit_pars\"": {
        "0": [
            0.0,
            0.0,
            0.0,
            0.0,
            0.0,
            0.0,
            0.0
        ]
    },
    "\"chi2_reduced\"": {
        "0": [
            3956.691094910113,
            0.1143323900950059
        ]
    },
    "\"amplitude\"": {
        "0": 0.001
    }
}