{
    "\"amplitude\"": {
        "0": [
            0.3089958039461904,
            0.7142057529858706
        ]
    },
    "\"length\"": {
        "0": 40
    },
    "\"fitted_parameters\"": {
        "0": [
            0.3820000000000003,
            0.5055390584202905,
            0.6660740918543642,
            3.3683776017338865
        ]
    },
    "\"rx90\"": false,
    "\"frequency\"": {
        "0": 4772414153.0
    },
    "\"chi2\"": {
        "0": [
            1154.891825705908,
            0.31622776601683794
        ]
    }
}